RevolvingUtilizationOfUnsecuredLines,age,NumberOfTime30-59DaysPastDueNotWorse,DebtRatio,MonthlyIncome,NumberOfOpenCreditLinesAndLoans,NumberOfTimes90DaysLate,NumberRealEstateLoansOrLines,NumberOfTime60-89DaysPastDueNotWorse,NumberOfDependents,SeriousDlqin2yrs
0.589,58,1,0.219,3769.0,7,0,0,0,0.0,0
0.197,50,0,1.238,11681.0,11,0,3,0,0.0,0
0.513,61,0,0.161,6633.0,7,0,1,0,0.0,0
0.031,73,1,0.436,2577.0,11,0,0,0,1.0,1
0.249,48,0,0.501,2765.0,9,0,1,0,0.0,0
0.07,48,2,1.637,20159.0,11,0,2,2,2.0,1
0.176,74,0,0.291,11594.0,6,0,0,0,1.0,0
0.338,62,0,0.718,9790.0,5,0,0,0,0.0,0
0.134,45,0,0.009,,16,0,0,0,0.0,0
0.268,59,0,0.046,15614.0,13,0,0,0,1.0,0
0.147,45,0,0.249,2509.0,4,0,1,0,1.0,0
0.386,45,0,0.538,9201.0,12,0,2,0,1.0,0
0.278,55,0,0.309,3983.0,9,0,1,1,0.0,1
0.161,25,1,0.179,,7,0,1,0,2.0,1
0.471,27,0,0.411,,4,1,1,0,0.0,1
0.326,44,0,0.393,4912.0,5,0,1,0,1.0,0
0.502,37,0,0.46,4007.0,6,0,2,0,1.0,0
0.724,56,0,0.033,3841.0,2,0,0,0,0.0,0
0.608,39,0,0.916,1352.0,9,0,0,0,0.0,0
0.071,32,2,0.514,,8,0,2,0,2.0,0
0.234,72,0,0.107,2685.0,7,0,0,0,1.0,0
0.173,48,0,0.407,19948.0,7,0,0,0,0.0,0
0.305,52,0,0.234,4441.0,9,0,1,0,0.0,0
0.513,32,0,0.247,13583.0,8,0,0,0,1.0,0
0.021,44,2,0.246,1531.0,10,1,1,0,1.0,0
0.354,53,0,0.743,9064.0,11,0,0,0,3.0,0
0.248,35,0,1.789,10851.0,13,0,0,0,2.0,0
0.273,57,0,0.162,13528.0,9,0,1,0,0.0,0
0.091,43,1,0.108,1864.0,12,0,1,0,2.0,0
0.028,47,0,0.087,,7,0,0,0,0.0,0
0.028,43,1,0.512,8132.0,9,0,2,0,0.0,0
0.206,77,0,0.167,6026.0,4,0,1,0,0.0,0
0.642,51,0,0.684,6670.0,9,0,1,0,1.0,0
0.016,37,0,0.384,4221.0,6,0,2,0,0.0,0
0.52,63,0,0.53,16084.0,10,0,2,0,0.0,0
0.378,34,0,0.313,,6,0,1,0,2.0,0
0.158,54,1,1.018,5842.0,9,0,2,0,2.0,1
0.382,24,0,0.213,7461.0,4,0,2,0,0.0,0
0.261,33,0,0.457,5650.0,8,0,0,0,1.0,0
0.013,54,1,0.47,13344.0,6,0,1,0,0.0,0
0.709,62,1,0.367,,10,0,0,0,2.0,1
0.367,54,0,0.387,2575.0,7,0,2,0,0.0,0
0.218,50,0,0.106,3537.0,9,0,1,0,0.0,0
0.195,47,1,0.409,2680.0,7,0,0,0,1.0,0
0.087,31,0,0.919,35824.0,5,1,3,0,0.0,0
0.111,41,0,0.031,8474.0,8,0,0,1,0.0,0
0.12,45,0,0.204,,12,0,0,1,0.0,1
0.705,66,0,0.162,3385.0,5,0,1,0,0.0,0
0.104,56,0,0.53,,10,0,2,0,0.0,0
0.126,27,0,0.639,10234.0,7,0,1,0,1.0,1
0.413,56,0,0.485,9496.0,9,0,1,0,1.0,0
0.263,46,0,0.134,4032.0,11,0,0,0,0.0,0
0.036,42,0,0.053,6728.0,8,0,0,0,0.0,0
0.407,60,0,0.753,5870.0,8,0,2,0,0.0,0
0.266,66,0,0.137,2820.0,9,0,0,0,0.0,0
0.106,65,0,0.108,2840.0,9,0,1,0,0.0,0
0.737,40,1,0.697,7247.0,10,1,4,1,2.0,1
0.303,47,1,0.099,6232.0,6,0,0,0,0.0,0
0.128,56,0,0.644,8001.0,9,0,0,0,0.0,0
0.245,65,0,0.054,9449.0,14,0,0,0,0.0,0
0.408,45,1,0.3,15515.0,8,0,1,0,,0
0.176,49,0,0.302,3155.0,6,0,2,0,0.0,0
0.47,36,1,0.409,8444.0,5,0,0,0,2.0,0
0.122,35,1,0.278,,6,0,0,0,0.0,0
0.139,63,0,0.548,,7,1,0,0,1.0,1
0.222,70,1,0.315,5915.0,5,1,1,0,1.0,0
0.316,50,0,0.202,,7,0,2,0,1.0,0
0.501,66,0,0.085,23766.0,7,0,0,0,1.0,0
0.322,57,0,2.578,5845.0,7,0,1,0,0.0,0
0.265,42,0,0.182,7451.0,8,0,0,0,3.0,0
0.353,57,0,0.639,4515.0,12,0,3,0,1.0,0
0.29,73,0,0.924,3883.0,9,0,1,0,1.0,0
0.002,51,0,0.107,2183.0,7,1,1,0,0.0,1
0.168,73,0,0.377,11730.0,12,0,0,0,0.0,1
0.554,21,0,0.419,9301.0,7,0,3,0,0.0,0
0.442,63,0,0.315,4399.0,10,0,2,0,0.0,0
0.159,53,0,0.089,2892.0,5,0,0,0,0.0,0
0.2,47,1,0.606,6161.0,6,0,0,0,1.0,0
0.564,53,1,0.363,3834.0,8,0,2,1,1.0,1
0.512,24,0,0.124,,10,0,1,0,1.0,1
0.51,48,0,0.136,2243.0,6,0,1,0,1.0,0
0.093,56,0,0.156,6323.0,6,0,1,0,1.0,0
0.806,72,0,0.802,6412.0,9,1,0,0,2.0,1
0.155,44,0,0.495,,10,0,3,0,1.0,0
0.203,40,0,0.867,4888.0,9,0,0,0,1.0,1
0.714,44,0,0.695,4301.0,14,0,1,0,1.0,0
0.533,64,0,0.737,,10,0,1,0,1.0,0
0.408,56,0,0.318,11739.0,9,0,2,0,1.0,0
0.213,44,0,0.211,10147.0,13,0,1,0,1.0,0
0.913,59,0,0.287,5542.0,10,0,0,0,0.0,0
0.37,53,0,0.289,2142.0,11,0,1,0,0.0,0
0.215,65,0,0.249,2321.0,11,0,0,0,0.0,0
0.044,42,1,0.119,,12,0,1,0,0.0,0
0.005,47,0,1.246,10675.0,9,0,0,0,0.0,0
0.069,46,1,0.121,6656.0,5,0,1,0,0.0,1
0.701,31,0,0.369,1910.0,9,0,3,1,1.0,0
0.069,56,0,0.397,7208.0,12,0,0,0,1.0,0
0.376,55,0,0.259,3019.0,8,0,2,0,2.0,0
0.133,52,0,0.14,3769.0,1,0,1,0,0.0,0
0.213,48,0,0.058,10724.0,9,0,0,0,1.0,0
0.042,32,1,0.122,9282.0,6,0,1,0,1.0,0
0.858,46,0,0.201,,4,0,1,0,1.0,0
0.832,47,0,0.211,,8,0,1,0,0.0,1
0.068,40,1,0.242,10078.0,13,0,0,0,0.0,1
0.153,49,0,0.402,3604.0,5,0,2,0,1.0,0
0.276,57,0,0.225,4536.0,5,0,0,0,0.0,0
0.125,78,0,0.335,4323.0,9,0,0,0,0.0,0
0.051,54,1,0.192,5523.0,7,0,1,0,0.0,0
0.379,55,0,0.051,2207.0,7,0,0,0,0.0,0
0.34,50,0,0.839,4640.0,10,0,1,0,1.0,0
0.531,25,1,0.652,15005.0,7,0,3,0,1.0,1
0.738,51,0,0.122,2528.0,8,0,1,0,2.0,0
0.085,52,0,1.236,2142.0,6,0,1,0,2.0,0
0.682,86,0,0.413,2266.0,9,0,0,0,1.0,0
0.205,49,2,0.158,35007.0,9,0,1,0,0.0,0
0.57,56,0,1.217,,8,0,0,0,0.0,0
0.218,51,0,0.359,4495.0,10,0,2,0,0.0,0
0.065,35,0,1.659,,6,1,2,0,0.0,0
0.387,67,0,0.038,6370.0,5,0,0,1,1.0,0
0.079,62,1,0.261,3469.0,3,1,2,1,2.0,1
0.588,63,0,0.375,3782.0,9,0,0,0,0.0,0
0.015,39,0,0.108,4864.0,10,0,1,0,1.0,0
0.331,71,0,0.307,3270.0,9,0,3,0,1.0,0
0.112,32,0,0.65,,18,0,1,0,0.0,0
0.267,60,0,0.064,6955.0,7,0,0,0,2.0,1
0.35,82,0,0.979,2703.0,13,0,1,0,1.0,0
0.164,38,0,0.194,33758.0,5,0,0,0,1.0,0
0.489,44,1,0.824,9202.0,8,0,1,0,1.0,0
0.129,53,0,0.289,,9,0,1,0,5.0,0
0.417,44,0,0.264,959.0,11,0,0,0,1.0,0
0.178,30,0,0.333,3357.0,6,0,2,0,1.0,1
0.028,52,0,0.376,8770.0,11,0,0,0,2.0,0
0.541,37,0,0.234,7657.0,9,0,1,0,1.0,0
0.183,58,1,0.088,5026.0,11,1,0,0,1.0,0
0.169,39,1,0.03,3565.0,8,0,0,0,1.0,0
0.478,73,1,0.021,2885.0,9,0,0,0,2.0,0
0.049,41,0,0.228,4098.0,10,0,1,0,0.0,0
0.687,47,0,0.467,2674.0,6,0,0,0,1.0,0
0.422,63,0,0.181,,3,1,1,0,0.0,0
0.204,34,1,0.224,13790.0,6,0,1,0,0.0,0
0.317,55,0,0.924,,6,0,1,0,1.0,0
0.357,70,1,0.457,8330.0,13,0,1,0,1.0,0
0.267,29,0,0.983,9269.0,9,0,1,0,1.0,0
0.483,54,0,0.948,2551.0,5,0,1,0,,0
0.495,55,2,0.023,,12,0,0,0,2.0,0
0.199,62,0,1.085,11479.0,8,1,0,0,0.0,0
0.644,34,0,0.218,2841.0,6,0,2,0,3.0,0
0.084,33,0,1.109,5217.0,7,0,2,0,1.0,0
0.237,59,0,0.277,22652.0,7,0,0,0,1.0,0
0.236,56,0,0.367,10785.0,13,0,1,0,1.0,0
0.419,55,0,0.537,5766.0,11,0,1,0,0.0,0
0.501,56,0,0.94,9784.0,11,0,2,0,3.0,0
0.462,42,0,0.436,,5,0,1,0,0.0,0
0.241,55,0,0.294,11079.0,9,0,1,0,1.0,0
0.009,56,0,0.142,1297.0,3,0,1,0,0.0,0
0.157,41,0,0.945,4927.0,14,0,4,0,0.0,0
0.143,78,0,0.348,1261.0,9,1,3,0,0.0,0
0.141,58,0,0.454,,8,0,0,0,0.0,0
1.111,35,0,0.363,,9,0,1,0,1.0,0
0.946,61,0,0.271,14080.0,8,0,1,0,0.0,0
0.083,38,0,0.332,,3,0,0,0,0.0,0
0.607,63,0,1.018,3758.0,5,0,5,1,0.0,0
0.637,68,0,0.991,4087.0,16,1,0,0,1.0,1
0.09,40,0,0.508,7090.0,7,1,4,0,0.0,0
0.765,65,0,1.229,3638.0,6,0,2,0,1.0,0
0.191,57,0,1.235,5310.0,8,0,1,0,,0
0.257,63,0,0.788,13653.0,5,0,2,0,0.0,0
0.613,78,0,0.846,3040.0,12,0,1,0,0.0,0
0.058,48,0,0.613,3970.0,12,0,2,0,0.0,0
0.219,41,0,0.014,4380.0,8,0,0,0,0.0,0
0.214,39,0,0.3,49546.0,12,0,0,0,1.0,0
0.372,40,1,0.781,8315.0,12,0,3,0,1.0,0
0.611,50,0,1.095,11997.0,5,0,1,0,2.0,0
0.355,56,0,0.296,9299.0,8,0,0,1,0.0,1
0.259,55,1,0.653,,8,0,1,0,1.0,1
0.065,63,0,0.427,,7,1,0,0,1.0,0
0.108,52,0,0.215,7014.0,7,0,1,0,0.0,0
0.673,72,0,0.059,1967.0,7,0,0,0,0.0,0
0.284,48,1,0.486,6978.0,11,0,0,0,1.0,0
0.131,90,0,0.193,5035.0,4,0,1,0,0.0,0
0.475,60,0,0.098,7957.0,12,0,0,1,2.0,0
0.183,39,1,0.361,5169.0,12,0,0,0,1.0,0
0.132,37,0,0.645,9267.0,5,0,1,0,2.0,0
0.028,58,0,0.506,10488.0,9,0,2,0,0.0,0
0.376,48,0,0.757,707.0,8,0,0,0,0.0,0
0.316,61,0,0.083,,8,0,0,0,0.0,0
0.01,58,1,0.302,,7,0,2,0,1.0,0
0.165,50,0,0.355,,5,0,0,0,0.0,0
0.048,40,0,0.719,,9,1,1,0,1.0,1
0.189,30,2,0.471,14032.0,8,0,2,1,2.0,1
0.069,45,0,0.104,6280.0,12,0,1,0,0.0,0
0.112,63,0,0.595,3867.0,9,0,2,0,3.0,0
0.682,54,0,0.788,,9,0,2,0,0.0,0
0.259,34,0,0.213,4347.0,8,0,1,0,1.0,1
0.063,54,0,0.12,3833.0,9,1,1,0,0.0,0
0.129,57,0,0.355,7155.0,8,0,1,0,1.0,0
0.79,39,0,0.015,16799.0,6,0,0,0,0.0,0
0.196,54,0,0.488,9872.0,5,0,3,0,0.0,0
0.536,52,0,0.206,,7,0,2,0,0.0,0
0.031,35,1,0.089,,10,0,0,0,1.0,0
0.244,57,0,0.172,3253.0,10,0,0,0,0.0,0
0.442,59,1,0.041,3203.0,7,0,0,0,0.0,0
0.623,67,0,0.042,6014.0,8,0,0,0,0.0,0
0.299,66,0,1.014,,10,0,4,1,0.0,1
0.187,32,0,0.015,,9,0,0,0,0.0,0
0.723,38,0,0.609,18550.0,8,0,2,1,0.0,0
0.321,59,1,0.69,1983.0,5,0,1,0,0.0,0
0.19,59,0,0.149,4990.0,8,0,1,0,1.0,0
0.117,59,0,0.076,6133.0,10,0,0,0,3.0,0
0.32,95,0,0.459,,14,0,1,0,1.0,0
0.258,59,0,0.233,3516.0,10,0,1,1,1.0,0
0.169,67,0,0.426,9487.0,6,0,2,0,0.0,0
0.216,65,0,0.633,14900.0,6,0,0,0,1.0,0
0.711,61,0,0.252,1236.0,14,0,2,1,1.0,0
0.076,47,1,0.338,6162.0,6,1,0,1,1.0,1
0.246,62,0,0.999,5017.0,8,0,0,0,0.0,0
0.154,41,0,0.021,,11,0,0,0,1.0,0
0.473,48,1,0.022,4351.0,13,0,0,0,1.0,0
0.483,45,0,0.383,2201.0,4,0,1,1,1.0,0
0.238,53,0,1.427,15988.0,10,0,3,0,,0
0.398,84,0,0.187,12229.0,4,0,1,1,0.0,0
0.077,25,0,0.141,5050.0,11,0,0,0,0.0,0
0.458,61,0,0.036,3859.0,11,0,0,0,0.0,0
0.024,29,0,0.357,,13,0,2,1,2.0,0
0.361,45,0,0.116,,7,0,1,0,1.0,0
0.55,67,0,0.372,6958.0,9,0,2,0,1.0,0
0.196,52,0,0.284,9379.0,11,0,0,0,2.0,0
0.236,36,0,1.391,5982.0,9,0,1,0,3.0,0
0.176,41,1,0.597,,6,0,0,0,1.0,0
0.749,61,0,0.704,5963.0,7,0,1,0,0.0,0
0.356,41,0,0.191,2989.0,14,1,1,0,1.0,1
0.405,55,0,0.232,3829.0,7,0,2,0,1.0,0
0.477,52,0,0.423,4835.0,5,0,1,0,0.0,0
0.256,42,0,0.258,8846.0,5,0,0,0,0.0,0
0.203,82,0,0.254,14260.0,8,0,0,0,1.0,0
0.316,60,0,0.04,4627.0,9,0,0,0,1.0,0
0.286,23,0,0.238,2614.0,10,1,0,0,1.0,1
0.456,54,0,0.157,5569.0,6,0,1,0,1.0,0
0.425,42,1,0.192,22204.0,10,0,0,0,1.0,0
0.052,63,0,0.222,,8,0,2,0,2.0,0
0.482,40,0,0.68,10098.0,15,0,0,0,,0
0.083,50,0,0.005,,8,0,0,0,0.0,0
0.244,59,1,1.181,4222.0,6,0,2,0,0.0,1
0.784,64,0,0.895,3326.0,9,0,2,0,3.0,0
0.427,35,0,0.589,8123.0,8,0,1,0,1.0,0
0.049,47,1,1.717,6955.0,8,0,3,0,1.0,0
0.337,45,1,0.319,8834.0,12,0,3,0,1.0,1
0.218,42,0,0.659,23193.0,5,0,3,0,0.0,0
0.623,76,0,0.962,6105.0,6,0,3,0,1.0,0
0.425,57,1,0.047,,6,0,0,0,0.0,0
0.247,34,0,0.408,,11,0,1,0,0.0,0
0.666,64,0,0.275,6432.0,5,0,1,0,1.0,0
0.133,81,0,0.4,13187.0,7,0,2,0,0.0,0
0.468,66,0,0.953,,5,1,1,0,,0
0.688,30,0,0.571,,8,0,3,0,0.0,0
0.847,45,0,0.234,2080.0,6,0,2,0,3.0,1
0.491,69,0,1.369,7968.0,10,0,4,0,0.0,0
0.416,42,0,0.172,56599.0,9,0,1,0,1.0,0
0.118,58,0,0.781,4648.0,8,0,0,0,2.0,0
0.328,62,0,1.338,7453.0,7,0,1,0,,0
0.4,39,1,0.736,3702.0,14,0,0,0,0.0,0
0.244,51,0,0.596,2215.0,9,0,2,0,1.0,1
0.093,21,1,0.576,7361.0,7,0,1,0,0.0,1
0.206,37,0,0.521,5540.0,8,0,1,0,0.0,0
0.188,48,0,0.416,,10,0,2,0,0.0,0
0.055,34,0,0.212,16765.0,13,0,1,0,2.0,0
0.254,74,1,0.117,7268.0,11,0,0,0,1.0,0
0.048,31,1,0.66,5720.0,12,0,2,0,1.0,0
0.313,45,2,0.344,,5,0,0,0,1.0,0
0.227,53,0,0.308,7213.0,5,0,0,1,0.0,1
0.241,72,0,0.47,7450.0,8,0,1,0,1.0,0
0.296,31,0,0.522,7193.0,10,0,0,0,0.0,1
0.147,68,0,0.583,,9,1,1,0,0.0,1
0.44,52,0,0.139,13449.0,10,0,1,0,2.0,0
0.091,38,1,0.258,,10,0,1,0,2.0,1
0.594,58,0,0.307,3024.0,8,0,2,0,0.0,0
0.406,54,0,0.37,3636.0,12,0,1,0,0.0,0
0.004,43,1,0.022,6994.0,9,0,0,0,0.0,0
0.126,52,1,0.703,3148.0,9,0,2,0,0.0,0
0.231,46,0,0.239,3524.0,12,0,2,0,2.0,0
0.388,53,1,0.211,7575.0,5,0,1,0,0.0,1
0.752,61,0,0.634,10205.0,11,0,1,0,1.0,0
0.376,74,2,0.119,13269.0,7,0,1,0,3.0,0
0.199,34,1,0.478,4747.0,12,0,1,0,1.0,0
0.629,81,0,0.904,7512.0,6,1,0,0,0.0,0
0.341,24,0,0.536,6438.0,9,0,2,0,0.0,0
0.018,49,1,0.436,,6,0,0,0,0.0,0
0.361,60,1,0.65,3068.0,3,0,1,0,1.0,1
0.005,55,0,0.288,2807.0,14,1,2,0,0.0,1
0.147,43,0,0.504,8662.0,6,0,2,0,0.0,0
0.219,49,0,0.129,3032.0,7,0,0,0,1.0,0
0.491,45,0,0.2,1566.0,10,0,1,0,1.0,0
0.574,43,0,0.175,,7,0,1,0,1.0,0
0.608,63,0,0.608,15043.0,8,0,3,0,0.0,1
0.195,56,1,0.654,768.0,8,0,1,0,0.0,0
0.317,42,0,0.83,4439.0,7,0,1,0,0.0,0
0.062,64,1,0.296,8714.0,8,0,1,0,0.0,1
0.27,56,0,0.163,,9,0,0,0,0.0,0
0.146,63,0,0.607,4678.0,10,0,2,0,1.0,0
0.064,60,1,0.531,2446.0,6,0,0,0,0.0,1
0.161,40,0,0.102,,9,0,0,0,1.0,0
0.145,44,0,0.123,,11,1,0,0,0.0,0
0.88,62,0,0.367,2475.0,13,0,1,0,1.0,0
0.419,60,0,0.306,2335.0,5,0,1,0,0.0,0
0.589,51,0,0.628,5211.0,10,0,2,0,0.0,0
0.075,53,1,0.446,,7,0,2,0,0.0,0
0.454,69,1,0.141,9232.0,7,0,1,0,0.0,0
0.206,43,0,0.064,,9,0,0,0,2.0,0
0.479,59,0,0.913,9491.0,14,1,1,0,0.0,1
0.087,49,0,0.09,3333.0,8,1,0,0,,0
0.203,48,0,0.118,6752.0,7,0,1,0,1.0,0
0.352,67,1,0.46,11712.0,9,0,0,0,0.0,0
0.028,63,1,0.403,9700.0,9,0,0,0,0.0,0
0.197,63,0,0.621,6224.0,6,0,3,0,1.0,0
0.046,70,0,0.244,7817.0,8,0,0,0,1.0,0
0.076,52,0,1.222,30455.0,11,0,0,0,1.0,0
0.214,61,0,0.145,9775.0,12,0,1,0,0.0,0
0.386,47,0,0.35,4356.0,9,0,1,0,0.0,0
0.885,56,0,0.491,5157.0,5,0,2,0,2.0,0
0.656,50,0,0.008,,7,0,0,1,3.0,1
0.706,53,0,0.186,28083.0,13,0,0,0,0.0,0
0.1,60,0,0.534,16692.0,9,0,0,0,2.0,0
0.191,40,0,0.323,5757.0,6,0,1,0,1.0,0
0.901,81,0,0.829,24999.0,10,0,1,0,0.0,0
0.85,37,0,0.362,8456.0,8,0,0,0,0.0,0
0.383,35,0,0.508,,8,0,0,0,0.0,1
0.404,68,0,0.571,10245.0,8,0,0,0,1.0,0
0.411,63,0,0.609,7180.0,11,0,2,0,0.0,0
0.124,60,0,0.584,9764.0,5,0,1,0,2.0,0
0.294,60,0,0.516,2083.0,5,0,1,0,0.0,0
0.594,51,1,0.48,3080.0,9,0,2,0,0.0,0
0.2,39,0,0.493,15397.0,9,0,2,0,0.0,0
0.223,53,1,0.074,17769.0,7,0,0,0,2.0,0
0.377,42,0,0.615,,11,0,0,0,0.0,0
0.111,65,0,0.231,,5,0,1,0,1.0,0
0.464,49,1,0.569,8137.0,8,0,3,0,0.0,0
0.264,40,0,0.2,7746.0,9,0,1,0,1.0,0
0.458,47,0,0.617,,8,0,2,0,0.0,0
0.618,57,1,1.493,3618.0,9,0,2,0,0.0,0
0.122,44,0,0.667,,10,0,1,0,1.0,0
1.072,40,0,0.438,4337.0,6,0,1,0,0.0,0
0.772,55,0,0.493,1286.0,8,0,2,0,0.0,0
0.694,55,0,0.536,11576.0,9,0,3,0,0.0,0
0.305,44,0,0.28,7129.0,10,0,2,0,1.0,0
0.385,45,0,0.15,1315.0,9,1,0,0,0.0,0
0.371,55,1,0.183,4756.0,11,0,0,0,1.0,0
0.485,31,2,1.112,21533.0,8,0,1,0,0.0,0
0.209,32,1,0.294,4974.0,6,0,1,0,0.0,0
0.602,41,1,0.309,2700.0,9,0,0,1,0.0,0
0.405,49,1,0.895,1556.0,7,1,0,0,1.0,1
0.018,56,0,0.456,1589.0,6,0,2,0,2.0,0
0.37,72,0,0.101,7902.0,5,0,0,0,0.0,0
0.589,64,1,0.268,4009.0,10,0,1,0,0.0,0
0.287,49,0,0.265,4248.0,9,1,1,0,0.0,1
0.086,51,0,0.539,4021.0,11,0,1,0,2.0,0
0.247,37,0,0.323,,11,0,2,0,0.0,0
0.194,51,0,0.459,2301.0,13,0,0,0,0.0,0
0.295,47,0,0.97,6777.0,9,0,2,0,3.0,0
0.776,56,0,0.343,2006.0,12,0,2,0,0.0,0
0.445,40,0,0.051,3200.0,12,0,0,0,1.0,0
0.253,59,0,0.456,11021.0,8,0,1,0,,0
0.664,73,0,0.257,7068.0,10,0,1,0,1.0,0
0.094,50,1,0.367,8778.0,8,0,1,0,0.0,0
0.173,57,0,0.352,24472.0,10,0,0,0,0.0,0
0.076,61,0,0.183,5210.0,6,0,0,0,1.0,0
0.25,46,0,0.905,5514.0,8,0,0,0,1.0,0
0.099,55,0,0.279,4514.0,5,0,1,0,2.0,0
1.014,52,0,0.329,3982.0,8,0,2,0,1.0,0
0.059,53,0,0.759,2677.0,5,0,0,1,0.0,0
0.066,41,0,0.151,5761.0,6,0,1,1,1.0,0
0.118,52,1,0.146,6964.0,8,0,1,0,1.0,0
0.863,58,1,1.06,7241.0,9,1,1,0,0.0,1
0.09,72,0,0.182,5682.0,9,0,1,0,1.0,0
0.197,65,0,0.056,10387.0,9,1,0,0,0.0,0
0.102,82,1,0.468,5545.0,9,0,2,0,0.0,0
0.117,41,0,0.017,4079.0,8,0,0,0,0.0,0
0.496,64,0,0.539,2839.0,8,0,2,0,0.0,0
0.221,54,0,0.211,1837.0,13,0,0,0,2.0,0
0.847,82,0,0.758,,8,0,4,0,1.0,0
0.168,40,0,0.317,,9,0,2,0,0.0,0
0.813,40,1,1.026,2841.0,5,0,2,0,2.0,0
0.072,43,0,0.11,4055.0,7,0,0,0,2.0,0
0.157,22,0,0.355,4470.0,8,0,0,1,,0
0.089,44,0,1.116,,9,0,1,0,0.0,0
0.286,41,2,0.279,4317.0,8,0,1,0,2.0,1
0.14,54,0,0.062,34316.0,6,0,0,0,1.0,0
0.519,56,0,0.225,5679.0,6,0,2,0,,1
0.581,78,0,1.254,22924.0,8,0,1,0,3.0,0
0.492,65,0,0.505,10155.0,10,0,0,0,2.0,0
0.102,43,0,0.879,6993.0,9,0,0,0,,0
0.277,39,1,0.52,16391.0,8,0,1,0,0.0,0
0.367,58,1,0.347,11915.0,9,0,2,1,0.0,0
0.358,33,0,0.046,,7,0,0,0,0.0,0
0.068,77,0,0.927,,10,0,0,0,1.0,0
0.025,68,0,0.335,3832.0,7,0,1,0,2.0,0
0.165,45,0,0.277,2707.0,10,0,1,0,3.0,0
0.029,28,0,0.302,3383.0,6,0,0,0,0.0,0
0.717,70,0,0.039,18520.0,8,1,0,0,1.0,0
0.273,50,0,0.129,14996.0,10,0,0,0,1.0,0
0.386,69,1,0.556,3761.0,11,0,2,0,2.0,0
0.309,29,1,0.137,,6,0,1,0,2.0,0
0.165,43,0,0.051,4703.0,7,0,0,0,1.0,0
0.038,52,2,0.25,2672.0,7,0,0,0,0.0,1
0.229,52,1,0.342,3844.0,6,0,0,0,0.0,0
0.293,45,0,0.172,2596.0,10,0,1,0,0.0,0
0.234,60,0,0.212,1760.0,7,0,2,0,1.0,0
0.615,37,1,1.313,20297.0,15,0,2,0,0.0,0
0.553,50,1,0.11,3366.0,6,0,1,0,1.0,0
0.513,53,0,0.101,14601.0,7,0,1,0,0.0,0
0.432,59,1,0.137,4652.0,4,0,0,0,3.0,0
0.176,61,0,0.288,2461.0,12,0,2,1,1.0,0
0.489,36,1,0.298,7757.0,13,0,0,0,0.0,0
0.795,30,0,0.886,4131.0,10,0,1,0,0.0,0
0.218,69,1,0.53,4699.0,13,0,3,0,1.0,1
0.498,56,0,0.819,6012.0,5,0,3,0,2.0,0
0.473,41,0,1.04,3076.0,9,0,2,0,0.0,0
0.32,73,1,0.173,1746.0,5,0,1,0,3.0,0
0.216,53,0,0.435,5240.0,5,0,2,0,0.0,0
0.499,68,1,0.36,10665.0,8,0,0,0,3.0,0
0.171,52,0,0.141,2890.0,9,0,0,0,2.0,0
0.205,80,1,0.771,6050.0,9,0,3,0,1.0,0
0.156,76,0,0.628,15582.0,10,0,2,0,0.0,0
0.564,48,0,0.191,,7,0,0,1,1.0,0
0.259,65,0,0.132,5769.0,4,0,1,0,0.0,0
0.576,61,1,0.004,,7,0,0,0,2.0,0
0.124,71,0,0.161,3369.0,3,0,0,0,0.0,0
0.383,38,0,0.03,2710.0,5,0,0,0,1.0,0
0.552,61,0,0.733,,5,0,2,0,0.0,0
0.51,66,0,0.442,,4,0,3,0,1.0,0
0.208,27,0,0.484,9233.0,13,0,1,0,0.0,0
0.643,35,0,0.349,9543.0,6,0,2,0,1.0,0
0.264,23,1,0.656,4167.0,12,0,1,0,0.0,1
0.222,48,0,0.768,11676.0,6,0,0,0,0.0,0
0.82,62,1,0.836,6736.0,4,0,2,0,0.0,0
0.342,73,0,0.332,5707.0,5,0,1,0,2.0,0
0.166,53,0,0.031,525.0,4,1,0,1,0.0,0
0.078,74,0,0.463,3065.0,8,0,3,0,0.0,0
0.287,32,0,0.293,1873.0,8,0,1,0,1.0,0
0.087,28,0,1.429,8425.0,11,0,3,0,0.0,1
0.556,51,1,0.392,5805.0,7,0,1,0,0.0,0
0.325,57,0,0.558,2565.0,4,0,2,0,0.0,0
0.21,51,0,0.533,6721.0,7,0,0,0,1.0,0
0.097,23,0,0.294,2005.0,11,0,0,0,0.0,0
0.069,50,2,0.419,2616.0,9,0,1,0,2.0,0
0.419,33,1,0.199,3304.0,8,1,1,0,0.0,1
0.074,61,0,0.121,7928.0,8,0,1,0,0.0,0
0.346,57,0,0.547,,4,0,1,0,1.0,0
0.267,38,1,0.761,3604.0,12,0,1,0,0.0,1
0.096,44,1,0.386,13708.0,11,0,2,0,0.0,0
1.038,37,0,0.479,5615.0,6,0,2,0,1.0,0
0.179,51,1,0.228,6408.0,9,0,1,0,1.0,0
0.157,65,0,0.209,5194.0,14,0,0,0,3.0,0
0.607,38,1,0.082,,8,0,0,0,0.0,0
0.283,59,0,0.799,7387.0,8,0,3,0,1.0,0
0.165,44,0,0.237,9120.0,6,0,0,0,3.0,0
0.451,40,0,0.277,2924.0,8,0,0,0,1.0,0
0.47,50,1,0.213,4758.0,7,0,2,0,0.0,0
0.579,37,0,0.641,17474.0,12,0,3,0,0.0,0
0.048,44,0,0.079,6149.0,8,0,0,0,0.0,0
0.277,35,0,0.369,6639.0,13,0,2,0,0.0,1
0.12,79,0,0.286,12297.0,8,1,1,0,2.0,0
0.309,52,0,0.208,,10,0,0,0,0.0,0
0.036,42,1,0.09,5304.0,2,0,0,0,1.0,0
0.38,54,1,0.664,9622.0,9,0,0,0,0.0,0
0.403,50,0,0.395,,9,0,2,0,2.0,0
0.233,48,0,0.531,1037.0,9,0,2,0,1.0,0
0.259,60,1,0.533,3243.0,10,0,2,1,0.0,0
0.298,62,0,0.427,,10,0,1,0,2.0,0
0.087,44,1,0.287,,2,0,0,0,0.0,0
0.146,43,1,0.805,2847.0,5,0,2,1,0.0,0
0.039,48,0,0.586,8646.0,10,0,0,0,2.0,0
0.331,21,0,0.289,6128.0,7,0,1,0,1.0,0
0.47,30,2,0.354,10122.0,4,0,0,0,1.0,0
0.153,71,1,0.038,10584.0,7,0,0,0,0.0,0
0.316,75,0,0.133,8737.0,8,0,1,0,0.0,0
0.176,48,0,0.329,4294.0,11,0,1,0,0.0,0
0.024,60,0,1.307,5843.0,7,0,5,0,1.0,0
0.58,56,0,0.367,3934.0,11,0,0,0,1.0,0
0.195,95,1,0.387,2090.0,5,0,0,0,0.0,0
0.284,67,0,0.06,10590.0,7,1,0,0,2.0,0
0.3,50,0,0.411,,9,0,2,0,3.0,0
0.027,38,0,0.279,1897.0,5,0,1,0,0.0,0
0.605,29,0,0.535,7910.0,8,0,0,0,2.0,0
0.491,54,0,0.252,4644.0,7,0,2,0,0.0,0
0.162,41,0,0.471,1285.0,6,0,2,1,1.0,1
0.315,32,1,1.048,2076.0,10,0,2,0,0.0,0
0.3,42,1,1.08,3326.0,16,0,3,0,1.0,0
0.046,36,0,0.769,6294.0,9,0,1,0,0.0,0
0.218,75,1,0.364,,7,0,2,0,1.0,0
0.191,64,1,1.091,9206.0,9,0,1,0,2.0,1
0.751,51,0,0.573,8283.0,7,0,0,0,0.0,0
0.217,72,0,0.867,5303.0,11,0,2,0,0.0,0
0.261,53,0,0.943,18134.0,15,0,0,0,0.0,0
0.488,39,0,1.268,8865.0,3,0,3,0,0.0,0
0.259,73,1,0.196,,7,0,1,0,1.0,0
0.362,59,0,0.148,8076.0,5,0,1,0,0.0,0
0.274,37,1,0.411,4108.0,5,0,0,0,1.0,1
0.367,49,0,0.29,5218.0,7,0,0,0,1.0,0
0.247,39,2,0.239,1265.0,10,0,1,0,1.0,1
0.362,32,0,0.404,4143.0,10,0,0,1,2.0,0
0.347,64,0,0.022,18619.0,9,0,0,0,,0
0.061,78,0,0.217,6026.0,7,0,2,0,2.0,0
0.521,32,2,0.253,5853.0,8,0,1,0,1.0,1
0.244,59,0,0.075,10927.0,7,0,0,0,2.0,0
0.148,42,0,0.444,6978.0,9,0,0,0,2.0,1
0.037,45,0,1.135,3132.0,2,0,1,1,0.0,0
0.474,43,0,0.379,5522.0,12,0,0,0,6.0,1
0.614,39,0,0.572,2454.0,5,0,2,1,0.0,1
0.416,52,0,0.002,6177.0,9,1,0,0,3.0,0
0.335,40,1,0.351,3022.0,12,0,1,0,0.0,0
0.325,55,0,0.595,10403.0,8,0,0,0,2.0,0
0.482,51,0,0.472,3800.0,13,0,1,0,1.0,0
0.773,48,0,0.19,3049.0,6,0,1,1,0.0,0
0.036,39,0,0.66,,11,0,0,0,2.0,0
0.137,43,0,1.167,7015.0,12,1,0,0,0.0,0
0.149,62,1,0.114,2333.0,12,0,0,0,0.0,0
0.114,59,1,0.281,3771.0,5,0,2,0,2.0,0
0.182,38,1,0.245,,7,0,1,1,0.0,0
0.141,53,0,0.023,13861.0,9,1,0,0,1.0,0
0.726,62,0,0.823,925.0,7,0,1,0,0.0,0
0.332,28,1,0.927,8355.0,7,0,0,0,0.0,0
0.107,59,0,0.351,4153.0,7,0,0,0,1.0,0
0.116,42,1,0.706,3842.0,8,0,2,0,0.0,0
0.193,59,1,0.487,3372.0,5,1,1,0,1.0,1
0.368,41,1,0.366,4210.0,7,1,2,0,1.0,1
0.253,26,1,0.55,8388.0,4,0,2,0,1.0,0
0.338,29,1,0.733,3730.0,13,0,1,0,1.0,0
0.019,52,0,0.681,17344.0,12,0,1,0,3.0,0
0.46,55,0,0.03,8406.0,9,0,0,0,2.0,0
0.539,39,0,0.217,6239.0,7,0,0,0,0.0,0
0.666,60,0,0.277,4836.0,7,0,1,0,1.0,0
0.661,28,0,0.488,12493.0,4,0,0,0,0.0,1
0.864,51,0,0.444,13839.0,8,0,2,0,2.0,0
0.007,35,0,0.151,2409.0,9,0,0,0,0.0,0
0.102,42,0,0.629,3323.0,9,0,2,0,0.0,0
0.609,52,2,0.325,8470.0,10,0,1,0,1.0,1
0.308,39,0,0.204,10464.0,6,0,1,0,0.0,0
0.676,46,0,0.974,4402.0,10,0,2,0,2.0,0
0.182,66,1,0.242,3230.0,10,0,2,0,0.0,1
0.467,43,1,0.106,5739.0,7,0,1,0,0.0,0
0.449,63,0,0.054,,8,0,0,0,4.0,0
0.231,36,1,0.163,5590.0,6,0,1,0,2.0,0
0.019,59,0,0.27,2242.0,7,0,0,0,1.0,0
0.155,72,0,0.443,5865.0,7,0,1,0,0.0,0
0.231,21,0,0.308,9395.0,9,0,1,0,2.0,0
0.623,40,1,0.08,,4,0,0,0,1.0,1
0.262,60,0,0.15,13105.0,6,0,1,0,0.0,0
0.328,49,0,0.337,9958.0,11,1,1,0,0.0,1
0.4,57,0,0.392,5202.0,10,0,1,1,0.0,0
0.066,43,0,0.227,5598.0,12,0,1,0,0.0,0
0.53,53,0,0.087,1496.0,8,0,0,0,1.0,0
0.493,49,0,0.129,12672.0,8,0,1,0,1.0,0
0.888,68,0,0.109,,13,0,1,0,2.0,0
0.613,55,0,0.139,4105.0,5,0,1,0,0.0,0
0.591,56,0,0.574,3696.0,7,0,1,0,0.0,1
0.558,46,0,0.348,7478.0,8,0,2,1,0.0,0
0.321,45,0,0.11,2465.0,10,0,1,0,,0
0.141,45,0,0.448,,10,0,2,0,2.0,0
0.158,57,1,0.569,5236.0,10,0,3,0,0.0,0
0.23,46,0,0.296,3503.0,6,0,1,0,2.0,0
0.317,56,0,0.141,6868.0,4,0,1,0,0.0,0
0.099,81,0,0.692,3594.0,10,0,2,0,0.0,0
0.253,64,0,0.509,16590.0,10,0,1,0,0.0,0
0.372,47,0,0.376,8826.0,8,0,2,0,3.0,0
0.462,68,0,0.268,8748.0,8,0,1,0,0.0,0
0.341,46,0,0.059,3556.0,9,0,0,0,0.0,0
0.416,23,1,0.69,,11,0,2,0,1.0,0
0.123,37,0,0.32,3995.0,9,0,0,0,0.0,0
0.552,25,0,0.131,3296.0,8,0,1,0,0.0,0
0.047,47,0,0.166,8908.0,8,0,0,0,1.0,0
0.115,52,0,0.819,6227.0,18,0,0,0,0.0,0
0.444,75,0,0.311,3063.0,12,0,1,0,0.0,0
0.344,56,0,0.138,25263.0,11,0,0,0,0.0,0
0.079,48,1,0.861,10753.0,13,0,5,1,0.0,0
0.409,63,0,0.079,5447.0,5,0,0,0,0.0,0
0.174,21,1,0.36,29167.0,6,0,1,1,0.0,1
0.051,55,0,0.488,9581.0,7,0,1,0,2.0,0
0.119,62,0,0.776,5387.0,11,0,1,1,4.0,0
0.054,31,0,0.513,26823.0,12,0,1,0,1.0,0
0.026,68,0,0.17,8615.0,6,0,0,0,0.0,0
0.502,56,0,0.711,8355.0,11,0,2,0,0.0,0
0.11,46,0,0.8,,6,0,0,0,1.0,0
0.429,60,0,0.327,5623.0,11,0,1,0,1.0,0
0.794,83,2,0.002,4075.0,8,0,0,0,0.0,0
0.032,54,0,0.745,14881.0,8,0,0,0,0.0,0
0.372,55,0,0.063,1761.0,9,0,0,0,1.0,0
0.281,45,1,0.147,14131.0,10,0,1,0,0.0,0
0.184,40,0,0.229,2939.0,14,0,1,0,2.0,0
0.828,63,0,0.167,5216.0,6,0,0,0,1.0,0
0.567,40,0,0.662,4418.0,11,0,1,0,1.0,0
0.873,53,1,0.173,3774.0,11,0,0,0,0.0,0
0.266,45,0,0.018,8803.0,14,0,0,0,2.0,0
0.517,58,0,0.554,5412.0,9,1,2,1,1.0,1
0.225,56,0,0.489,3404.0,11,0,1,0,1.0,0
0.325,66,0,0.689,6050.0,7,0,1,0,0.0,0
0.305,44,0,0.278,3337.0,13,0,1,0,0.0,0
0.748,48,0,0.132,3728.0,1,0,1,0,1.0,1
0.403,38,1,0.482,1904.0,6,0,2,0,0.0,1
0.558,45,0,0.245,3963.0,6,0,2,0,3.0,0
0.038,57,0,0.006,7677.0,7,1,0,0,3.0,0
0.114,62,0,0.628,5575.0,14,0,1,0,0.0,0
0.298,39,1,0.281,19352.0,4,0,1,0,1.0,0
0.146,64,0,0.461,33826.0,6,0,2,0,3.0,0
0.498,70,0,0.481,3925.0,9,0,1,0,0.0,0
0.758,57,1,0.279,3031.0,12,1,1,0,0.0,0
0.192,78,0,0.318,11979.0,11,0,3,1,2.0,0
0.68,41,0,0.102,6868.0,6,0,0,0,0.0,0
0.616,34,0,0.176,12029.0,5,0,1,0,0.0,1
0.217,27,0,1.526,7181.0,12,0,2,0,,0
0.172,72,0,0.671,4741.0,8,0,2,0,0.0,0
0.314,61,0,0.51,4760.0,11,0,3,0,0.0,0
0.501,51,0,0.023,7354.0,10,0,0,0,1.0,0
0.046,55,0,0.043,4685.0,7,0,0,0,0.0,0
0.691,36,0,0.687,12755.0,9,0,1,0,0.0,0
0.212,86,0,1.018,,11,0,0,0,1.0,1
0.295,53,0,0.311,,4,0,3,0,1.0,0
0.322,53,0,0.844,1464.0,7,0,0,0,1.0,0
0.68,62,0,0.668,,8,0,5,0,0.0,0
0.504,58,0,0.084,4308.0,7,0,0,0,3.0,0
0.553,55,1,0.138,1879.0,4,0,1,0,0.0,0
0.169,40,1,0.517,1284.0,14,0,0,1,1.0,1
0.016,58,1,0.321,2519.0,7,0,1,0,0.0,0
0.331,78,0,0.725,5608.0,5,0,1,0,1.0,0
0.137,70,0,0.29,3563.0,6,0,2,0,0.0,0
0.26,74,1,0.497,,9,0,1,0,1.0,1
0.225,44,0,0.544,13997.0,7,0,5,0,2.0,0
0.115,38,0,0.033,2293.0,7,0,0,0,3.0,0
0.368,50,1,0.15,8738.0,7,0,1,0,0.0,0
0.433,52,0,0.679,2915.0,7,0,1,0,1.0,0
0.402,67,0,0.373,2475.0,12,1,0,0,1.0,0
0.718,28,0,0.164,3559.0,11,0,1,0,0.0,0
0.558,73,0,0.37,,8,0,2,0,0.0,0
0.181,49,2,0.505,,8,0,0,0,0.0,1
0.126,46,0,0.218,6642.0,7,0,1,0,2.0,0
0.556,37,0,0.89,2772.0,7,0,0,0,,0
0.251,28,2,0.961,3145.0,7,0,1,0,1.0,0
0.369,63,0,0.282,7190.0,7,0,0,0,2.0,0
0.486,53,0,0.35,24871.0,13,0,0,0,2.0,0
0.462,33,0,0.571,2871.0,10,0,2,0,0.0,0
0.136,33,0,0.205,8990.0,7,0,1,0,2.0,0
0.418,47,0,0.159,4364.0,5,0,0,0,1.0,0
0.541,75,0,0.051,3896.0,14,0,0,0,0.0,0
0.158,48,0,1.006,11498.0,13,0,1,2,1.0,0
0.287,30,0,0.55,3010.0,10,0,1,0,1.0,0
0.259,48,0,0.217,2421.0,12,0,2,0,2.0,0
0.659,48,1,0.379,7496.0,8,0,1,0,1.0,0
0.891,21,1,0.147,16587.0,7,0,0,0,1.0,0
0.014,51,1,0.591,9182.0,7,0,0,0,0.0,0
0.085,48,0,0.247,2029.0,6,0,1,0,1.0,0
0.327,61,0,0.362,3531.0,9,0,0,0,0.0,0
0.29,77,0,0.163,10783.0,8,0,1,1,2.0,0
0.547,67,0,0.486,16429.0,7,0,2,0,0.0,0
1.004,48,0,0.122,6375.0,4,0,0,0,3.0,0
0.957,36,0,0.163,3621.0,5,0,1,0,0.0,0
0.147,88,0,0.338,17192.0,12,0,0,0,3.0,0
0.368,52,0,0.456,5155.0,3,0,1,0,0.0,0
0.476,52,0,1.433,3554.0,6,0,0,0,0.0,0
0.574,51,0,0.487,3158.0,9,0,1,0,2.0,1
0.146,54,1,0.254,,10,0,0,0,0.0,0
0.41,49,0,0.953,39478.0,6,0,1,0,1.0,0
0.074,43,0,0.717,14686.0,11,0,1,0,,0
0.558,44,0,0.279,3431.0,8,0,0,0,1.0,0
0.36,51,0,0.251,,10,0,0,0,1.0,0
0.458,44,0,0.996,7890.0,12,0,0,0,1.0,0
0.274,42,1,0.336,7569.0,2,0,0,0,1.0,0
0.159,53,1,0.638,3286.0,4,0,2,0,2.0,0
0.334,48,0,0.232,3790.0,8,0,2,0,0.0,1
0.339,73,0,0.543,5273.0,9,0,1,0,0.0,0
0.449,21,0,0.108,1372.0,4,0,0,0,0.0,0
0.387,67,1,0.243,3863.0,13,0,2,0,0.0,1
0.108,69,0,0.763,5449.0,13,0,1,0,1.0,0
0.049,22,0,0.411,13584.0,8,0,0,0,0.0,0
0.676,47,0,0.283,3528.0,10,0,1,0,1.0,0
0.483,46,0,0.298,9590.0,10,0,1,0,0.0,0
0.16,32,0,0.177,1284.0,5,0,1,0,2.0,0
0.271,41,0,0.103,,5,0,1,0,2.0,0
0.317,36,0,0.15,2892.0,5,0,0,0,2.0,0
0.512,76,0,0.056,,10,1,0,0,1.0,0
0.382,65,0,0.292,7219.0,7,0,1,0,1.0,0
0.636,69,0,0.728,6293.0,10,0,1,0,1.0,0
0.158,62,1,0.143,5040.0,10,0,1,0,0.0,0
0.035,36,0,0.134,2278.0,8,0,1,0,1.0,0
0.456,44,0,0.913,2914.0,10,0,1,0,0.0,0
0.168,58,1,0.678,10911.0,6,0,2,0,0.0,0
0.097,34,0,0.219,3575.0,9,0,2,0,0.0,0
0.346,61,2,0.129,5053.0,5,0,1,0,0.0,0
0.17,48,0,0.504,1911.0,10,0,1,0,0.0,0
0.27,46,1,0.362,,8,0,2,0,4.0,0
0.943,61,0,0.451,,12,0,0,0,1.0,0
0.651,58,1,0.181,10313.0,7,0,0,0,0.0,0
0.336,46,0,1.302,2581.0,5,0,1,0,0.0,0
1.091,68,0,0.515,11050.0,10,0,1,0,1.0,0
0.148,36,1,0.017,5471.0,10,0,0,0,0.0,0
0.154,60,1,0.24,3673.0,8,0,1,0,1.0,0
0.354,60,0,0.29,16652.0,4,0,0,1,0.0,0
0.105,47,0,0.154,5176.0,10,0,1,0,1.0,0
0.546,56,0,0.001,4216.0,10,1,0,0,0.0,0
0.312,34,0,0.029,10264.0,9,0,0,0,0.0,0
0.09,64,0,0.46,1927.0,8,0,2,0,1.0,0
0.345,49,0,0.35,926.0,9,0,0,0,1.0,0
0.018,44,0,0.234,12217.0,12,0,2,1,0.0,0
0.066,66,0,0.483,3025.0,8,1,1,0,,0
0.429,42,0,0.336,9949.0,12,0,0,0,2.0,0
0.272,32,0,1.384,,16,0,4,0,0.0,0
0.446,30,0,0.743,2405.0,8,1,1,0,0.0,1
0.19,60,0,1.004,8309.0,9,1,0,1,1.0,1
0.477,34,0,1.285,4076.0,9,0,1,0,1.0,0
0.66,76,0,0.203,2555.0,7,0,0,0,2.0,0
0.585,22,0,0.334,2602.0,13,0,1,0,3.0,0
0.244,75,0,0.216,1615.0,12,0,1,0,2.0,0
0.169,54,0,0.349,,13,0,1,0,0.0,0
0.061,50,1,0.157,2822.0,6,0,1,0,0.0,0
0.196,44,0,0.59,5301.0,6,0,2,0,0.0,0
0.273,57,0,0.009,4783.0,5,0,0,0,1.0,0
0.41,51,2,0.094,2810.0,6,0,0,0,0.0,1
0.033,67,1,0.182,1871.0,4,0,1,0,0.0,0
0.395,53,0,0.973,,8,0,0,0,2.0,0
0.222,54,0,0.255,5250.0,13,0,2,0,1.0,0
0.052,46,0,0.875,19465.0,8,0,1,0,1.0,0
0.261,51,0,0.146,,11,0,1,1,0.0,0
0.375,56,0,0.368,4338.0,9,0,0,0,1.0,0
0.432,28,1,0.135,6165.0,5,0,0,0,1.0,0
0.272,33,0,0.233,6041.0,17,0,1,0,0.0,0
0.777,62,0,2.226,19751.0,9,0,0,0,0.0,0
0.161,54,0,0.09,9710.0,8,0,0,0,1.0,0
0.489,49,0,0.079,3087.0,12,1,0,1,1.0,1
0.264,52,1,0.411,6947.0,12,0,1,0,1.0,1
0.768,56,0,0.672,9538.0,11,0,2,0,0.0,0
0.151,44,1,1.516,2386.0,16,0,1,0,1.0,0
0.37,41,0,0.723,,8,0,3,0,1.0,1
0.283,54,2,0.289,13931.0,3,1,0,0,0.0,0
0.413,38,0,0.584,2980.0,4,0,4,0,0.0,0
0.343,57,0,0.316,3283.0,11,0,0,0,0.0,0
0.209,28,0,0.521,12238.0,6,0,2,0,2.0,0
0.316,66,0,0.186,4239.0,10,0,1,0,2.0,0
0.919,58,0,0.389,2731.0,10,0,0,0,0.0,1
0.074,55,0,0.18,10073.0,3,0,1,0,0.0,0
0.245,65,0,0.436,8134.0,10,0,2,0,,0
0.231,75,0,0.205,5803.0,9,0,1,0,0.0,0
0.475,66,0,0.231,11935.0,8,1,1,0,2.0,0
0.997,26,0,0.533,12543.0,10,0,2,0,1.0,0
0.7,34,0,0.423,5126.0,12,0,4,0,0.0,0
0.207,43,1,0.104,21634.0,5,2,1,0,3.0,1
0.049,52,0,0.149,16455.0,7,1,1,0,2.0,1
0.111,59,0,0.065,1354.0,8,0,0,0,2.0,0
0.696,41,0,0.077,2641.0,8,0,0,0,0.0,0
0.055,54,0,0.62,1120.0,12,0,1,0,1.0,0
0.069,41,1,0.307,4327.0,7,0,1,0,1.0,0
0.075,43,1,0.322,,11,0,1,0,2.0,0
0.309,32,0,0.462,3072.0,10,0,1,0,1.0,0
0.413,39,0,0.557,11654.0,12,0,1,0,0.0,0
0.096,33,1,0.001,1590.0,7,0,0,0,2.0,0
0.37,38,0,0.68,5948.0,10,0,0,0,1.0,0
0.465,66,1,1.561,5923.0,7,0,0,0,1.0,1
0.157,38,0,0.045,5127.0,6,0,0,0,,0
0.173,88,0,0.469,5952.0,9,0,1,0,0.0,0
0.601,58,1,0.201,,5,0,2,0,1.0,1
0.762,54,0,0.118,3082.0,9,0,1,1,1.0,1
0.14,39,0,0.217,,9,0,1,0,0.0,0
0.331,61,0,0.656,2350.0,6,0,0,0,0.0,0
0.199,43,1,0.37,17442.0,8,0,0,0,3.0,0
0.585,53,0,0.307,2029.0,11,0,1,0,1.0,0
0.116,87,0,0.502,1865.0,8,0,3,1,1.0,0
0.33,50,0,0.22,2790.0,14,0,0,0,0.0,0
0.076,68,0,0.23,11972.0,5,0,1,0,1.0,1
0.339,42,0,0.835,3706.0,12,0,1,1,1.0,0
0.469,51,0,0.294,,14,0,0,0,1.0,0
0.127,76,0,0.232,5719.0,9,0,0,0,0.0,0
0.071,43,0,0.419,5228.0,2,0,2,0,3.0,0
0.263,77,0,0.961,13252.0,14,0,0,0,2.0,0
0.252,61,0,0.45,,4,0,0,0,0.0,1
0.319,44,1,0.255,,12,0,2,0,3.0,1
0.251,60,2,0.201,4479.0,5,0,0,0,1.0,1
0.313,65,0,0.119,18406.0,7,0,0,1,1.0,1
0.262,60,0,1.616,6793.0,13,1,1,0,0.0,0
0.126,30,4,0.388,,12,1,2,0,1.0,1
0.055,41,0,0.125,1986.0,7,0,1,0,1.0,0
0.283,48,1,0.285,10128.0,10,0,1,1,0.0,0
0.189,50,0,0.536,8881.0,11,1,4,0,0.0,1
0.682,60,0,0.52,2850.0,10,0,2,1,0.0,1
0.113,54,0,0.29,9167.0,9,0,2,0,0.0,0
0.275,33,0,0.013,16640.0,9,0,0,0,0.0,0
0.343,57,0,0.235,,11,0,2,0,0.0,0
0.261,60,0,0.217,16697.0,12,0,1,0,1.0,0
0.599,59,0,0.15,8013.0,9,0,0,0,0.0,0
0.722,67,0,0.829,4796.0,7,0,2,0,2.0,0
0.192,63,1,0.31,4098.0,9,0,2,0,1.0,0
0.455,58,0,0.411,5366.0,12,0,4,0,1.0,0
0.334,51,0,0.531,,8,0,0,0,0.0,0
0.133,28,0,0.711,4224.0,13,0,0,0,1.0,1
0.085,58,0,0.337,,10,0,1,0,2.0,0
0.055,54,0,0.117,1761.0,6,0,0,0,3.0,0
0.392,55,0,0.818,1847.0,8,0,3,0,0.0,0
0.428,34,0,0.103,9714.0,10,0,1,0,0.0,0
0.127,36,0,0.902,4251.0,4,0,0,0,1.0,0
0.188,66,1,0.702,1411.0,4,0,0,0,0.0,0
0.187,51,0,0.375,5203.0,5,1,1,0,1.0,1
0.113,61,0,0.214,4708.0,12,0,1,0,0.0,0
0.752,52,0,0.012,4017.0,7,0,0,0,1.0,0
0.452,52,0,3.325,8778.0,9,0,3,0,0.0,0
0.062,65,0,0.803,,9,0,3,1,0.0,0
0.265,44,0,0.145,5481.0,10,0,0,0,0.0,0
0.263,53,0,0.307,,14,0,3,0,0.0,0
1.067,45,0,0.657,5577.0,8,0,3,0,1.0,0
0.607,45,0,1.517,1616.0,7,0,0,0,1.0,0
0.129,47,0,0.63,3767.0,11,0,2,0,0.0,0
0.435,55,1,0.231,5507.0,6,0,2,0,1.0,0
0.078,45,0,0.38,7933.0,12,0,2,0,0.0,0
0.199,69,1,0.14,,6,0,1,0,1.0,0
0.365,39,1,1.051,9549.0,14,0,2,0,0.0,0
0.026,49,0,0.14,7501.0,6,0,0,0,0.0,0
0.153,45,0,0.663,,9,0,2,0,0.0,0
0.382,72,0,0.131,4391.0,7,0,1,0,0.0,0
0.517,54,0,0.148,16119.0,10,0,1,0,0.0,0
0.044,66,0,0.598,11890.0,11,0,2,0,,0
0.422,31,0,0.749,3975.0,11,0,1,0,0.0,0
0.532,55,0,0.279,20885.0,8,0,2,0,0.0,0
0.538,64,0,0.19,7427.0,5,0,0,0,2.0,1
0.098,53,0,0.438,25212.0,9,0,1,1,0.0,0
0.194,66,0,0.557,6716.0,14,0,0,0,1.0,0
0.145,44,0,0.646,3665.0,12,0,3,1,1.0,1
0.182,71,1,0.335,3174.0,5,0,3,0,1.0,0
0.181,84,0,0.374,,6,2,1,0,0.0,1
0.167,46,0,0.956,3641.0,11,0,2,1,1.0,0
0.264,45,0,1.009,13226.0,10,0,3,0,0.0,0
0.763,72,0,0.508,,10,0,2,0,2.0,0
0.407,74,0,2.007,1755.0,7,0,1,0,0.0,1
0.497,44,0,0.139,,5,0,1,0,0.0,0
0.532,46,0,0.328,5930.0,4,0,1,0,1.0,0
0.131,48,1,0.522,3913.0,15,0,0,0,0.0,0
0.399,33,0,0.153,6551.0,4,0,1,2,0.0,0
0.165,39,0,1.361,5267.0,10,0,1,0,3.0,0
0.516,37,0,0.253,8464.0,11,0,1,0,0.0,0
0.551,41,0,0.351,8123.0,6,0,2,0,2.0,0
0.236,51,0,0.184,7012.0,7,0,1,0,1.0,0
0.533,55,0,0.219,2188.0,12,0,1,0,0.0,0
0.575,73,0,0.302,23940.0,8,0,0,0,0.0,0
0.202,38,0,0.396,1828.0,7,0,2,0,0.0,0
0.76,65,1,0.175,4964.0,9,0,1,0,1.0,0
0.165,49,0,0.58,2525.0,7,0,0,0,0.0,0
0.552,51,0,0.022,7168.0,11,0,0,0,1.0,0
0.607,61,0,0.63,5984.0,6,0,0,0,0.0,1
0.237,36,2,0.113,,11,0,0,0,2.0,1
0.31,57,0,0.34,,2,0,1,0,0.0,0
0.202,54,0,0.268,11801.0,1,0,1,0,0.0,0
0.192,58,1,0.596,,6,0,3,0,0.0,0
0.626,56,0,0.656,,13,0,1,0,0.0,0
0.069,86,1,1.689,16241.0,8,0,1,0,0.0,0
0.637,43,0,0.128,11742.0,7,1,0,0,0.0,1
0.798,44,0,0.382,4938.0,8,0,1,0,1.0,0
0.904,43,1,0.32,1784.0,11,0,1,0,,1
0.069,44,0,2.593,6818.0,9,0,2,0,1.0,0
0.058,43,0,0.679,8673.0,7,0,1,0,1.0,0
0.237,68,0,0.177,,13,0,0,0,1.0,0
0.539,71,0,0.227,5518.0,5,0,0,1,0.0,0
0.419,44,2,0.099,5125.0,14,0,0,0,0.0,0
0.087,40,1,0.593,14348.0,0,0,1,0,1.0,0
0.12,58,0,0.753,19884.0,7,0,1,1,1.0,0
0.858,44,1,1.273,12365.0,7,1,1,0,0.0,1
0.013,60,1,0.392,5116.0,9,1,1,0,1.0,0
0.405,54,0,0.489,,14,0,1,0,1.0,0
0.017,30,0,0.207,8554.0,2,0,0,0,,0
0.163,73,0,0.329,5154.0,7,1,0,0,2.0,1
0.336,77,0,0.25,23498.0,5,1,1,0,1.0,0
0.985,43,0,0.668,,10,0,2,0,2.0,0
0.295,46,0,0.208,8289.0,14,0,2,0,1.0,0
0.5,56,0,0.11,9776.0,7,0,1,0,0.0,0
0.286,56,0,0.741,4442.0,5,0,3,0,1.0,0
0.192,61,0,0.934,8034.0,8,0,0,0,1.0,0
0.322,80,1,0.35,10529.0,4,0,0,0,1.0,0
0.7,49,0,0.654,,10,0,2,0,1.0,0
0.194,40,0,0.608,,11,0,0,0,0.0,0
0.133,32,2,0.157,,8,1,0,1,0.0,1
0.437,41,0,0.04,9493.0,11,0,0,0,0.0,0
0.384,51,1,1.147,4627.0,10,0,2,0,2.0,0
0.595,77,0,1.076,,14,0,1,0,0.0,0
0.339,44,0,0.404,5510.0,10,0,2,0,0.0,0
0.598,55,0,0.086,12439.0,5,0,0,0,3.0,0
0.106,51,1,0.78,1599.0,7,0,0,0,0.0,0
0.603,68,0,0.431,2874.0,9,0,0,0,4.0,1
0.476,87,0,0.403,26717.0,9,0,4,0,0.0,0
0.179,44,1,0.04,,13,0,0,0,1.0,0
0.424,45,0,1.63,,9,1,2,0,1.0,1
0.437,66,0,0.114,9475.0,11,0,1,0,0.0,0
0.276,61,1,0.116,3135.0,4,0,0,0,0.0,0
0.345,77,1,0.378,1246.0,5,0,1,0,0.0,0
0.486,60,0,0.171,6963.0,10,0,1,0,2.0,0
0.014,46,0,0.092,,7,0,0,0,1.0,1
0.431,60,0,0.152,5831.0,7,0,0,0,0.0,0
0.051,67,0,0.31,6840.0,12,0,2,0,1.0,0
0.786,63,0,0.669,6000.0,7,0,1,0,1.0,0
0.446,59,0,0.243,1642.0,12,0,0,0,0.0,0
0.082,66,0,0.214,5533.0,4,0,1,0,1.0,0
0.699,68,0,0.231,7415.0,8,0,1,0,1.0,0
0.313,71,0,0.014,2038.0,8,0,0,0,1.0,0
0.152,61,0,0.118,1875.0,5,0,1,0,1.0,0
0.187,49,0,0.443,2570.0,15,0,0,0,1.0,0
0.285,54,0,0.142,,7,0,1,0,2.0,0
0.03,68,0,0.326,1341.0,12,1,1,0,0.0,0
0.611,40,0,0.847,9709.0,4,0,2,0,0.0,0
0.044,57,1,0.261,7147.0,9,0,1,0,2.0,0
0.079,46,2,0.148,4536.0,13,0,0,0,0.0,0
0.161,52,0,0.722,,4,0,0,0,1.0,0
0.202,69,0,0.7,3110.0,10,0,0,0,0.0,0
0.6,54,1,0.842,9389.0,10,0,1,0,1.0,0
0.131,52,0,0.397,,8,0,1,0,1.0,0
1.026,32,0,1.065,2639.0,10,0,0,0,0.0,1
0.129,62,0,0.598,12080.0,7,1,0,0,0.0,0
0.261,61,0,0.288,,7,0,1,0,2.0,0
0.518,82,0,0.348,,12,0,0,0,0.0,0
0.397,47,0,0.045,3241.0,13,0,0,0,1.0,0
0.181,55,0,0.381,3616.0,8,0,1,0,1.0,0
0.198,55,0,0.207,19459.0,8,0,1,0,0.0,0
0.13,74,0,0.117,6154.0,9,0,0,0,0.0,0
0.212,50,0,0.247,,11,0,2,0,0.0,0
0.404,55,0,0.155,6432.0,5,0,0,0,1.0,0
0.266,60,0,0.23,3956.0,6,0,0,1,0.0,0
0.031,54,1,0.421,8175.0,9,0,1,0,0.0,0
0.298,45,0,0.327,24600.0,9,0,2,0,0.0,0
0.28,54,0,0.55,3460.0,6,0,0,0,0.0,0
0.404,67,0,0.558,10298.0,7,0,3,0,,0
0.444,37,0,0.456,6207.0,9,0,1,1,2.0,1
0.478,53,0,0.114,,11,0,0,0,1.0,0
0.362,42,0,0.789,,10,0,2,0,2.0,0
0.269,68,0,0.543,3958.0,2,0,2,0,3.0,0
0.125,30,0,0.894,,6,0,2,0,1.0,1
0.104,44,0,0.161,10045.0,7,0,1,0,0.0,0
0.447,57,1,0.268,,8,0,1,0,0.0,0
0.067,73,0,0.042,8577.0,15,0,0,0,1.0,0
0.169,51,0,0.285,5000.0,7,0,2,0,1.0,0
0.24,44,0,0.176,5444.0,8,0,0,0,2.0,0
0.093,78,0,0.887,8201.0,9,0,1,0,3.0,0
0.141,31,0,0.385,,7,0,1,0,1.0,1
0.542,21,0,0.24,6718.0,9,0,1,0,1.0,0
0.096,58,1,0.681,,6,1,2,0,2.0,1
0.066,44,0,0.007,4765.0,11,0,0,0,0.0,0
0.021,37,0,0.162,9862.0,10,0,0,0,,0
0.705,61,0,0.321,,9,1,0,0,1.0,0
0.096,55,0,0.406,8657.0,4,0,1,0,1.0,0
0.351,44,0,0.327,3801.0,11,0,0,0,0.0,0
0.618,34,0,0.283,2085.0,4,0,2,0,1.0,0
0.212,64,1,0.144,8206.0,12,0,0,0,1.0,0
0.177,61,0,1.239,2322.0,12,0,3,0,0.0,0
0.613,50,0,1.377,8823.0,9,0,1,0,3.0,0
0.428,77,0,0.231,8825.0,5,0,1,0,0.0,0
0.605,37,0,0.462,3915.0,12,0,1,0,1.0,0
0.235,30,1,0.097,,7,0,0,0,1.0,0
0.563,42,0,0.461,6242.0,10,0,3,0,0.0,0
0.596,51,0,0.65,3532.0,4,0,1,0,2.0,0
0.26,55,0,0.443,2065.0,11,0,2,0,0.0,0
0.622,48,0,0.663,5285.0,10,0,0,0,0.0,0
0.234,56,1,0.447,5685.0,9,0,1,1,0.0,1
0.218,34,1,0.347,14083.0,13,0,0,1,2.0,1
0.728,72,0,0.112,3142.0,6,0,1,0,0.0,0
0.347,50,0,0.585,,6,0,1,0,1.0,0
0.169,67,0,1.434,2433.0,7,0,1,0,0.0,0
0.225,56,0,0.424,2119.0,6,1,2,0,1.0,0
0.244,58,0,0.06,4400.0,8,0,0,0,0.0,0
0.098,59,0,1.32,2811.0,9,0,0,0,2.0,0
0.477,58,0,0.12,2098.0,10,0,0,0,1.0,0
0.345,60,0,0.184,21185.0,12,1,0,0,1.0,0
0.283,70,0,0.228,3959.0,11,0,2,0,1.0,0
0.167,54,0,0.041,27389.0,9,0,0,0,2.0,0
0.395,61,1,0.085,2707.0,6,1,0,0,0.0,1
0.1,50,0,0.478,1643.0,13,0,2,0,0.0,0
0.054,72,1,0.386,13412.0,9,0,1,0,0.0,0
0.397,42,1,0.326,3266.0,11,0,0,0,1.0,0
0.362,77,0,0.307,5986.0,4,0,0,0,1.0,0
0.089,51,0,0.339,2103.0,8,0,1,0,0.0,0
0.874,31,1,0.567,5289.0,8,0,0,0,2.0,0
0.162,53,1,0.951,2079.0,4,0,0,0,0.0,0
0.431,42,0,0.11,5158.0,11,0,0,0,0.0,0
0.136,63,0,0.149,3898.0,9,0,1,0,0.0,0
0.318,42,0,0.294,6382.0,5,1,1,0,1.0,0
0.402,45,0,0.009,,7,0,0,0,1.0,0
0.298,25,2,0.752,6430.0,7,0,0,0,0.0,1
0.138,45,0,0.096,,15,0,0,0,0.0,0
0.128,21,0,0.279,5033.0,4,0,0,0,0.0,0
0.091,29,1,0.043,4005.0,6,0,0,0,2.0,0
0.128,62,0,0.582,7548.0,16,0,3,0,0.0,0
0.306,63,0,0.114,5024.0,7,0,1,0,1.0,0
0.732,57,0,0.813,5160.0,17,0,3,0,1.0,0
0.266,38,0,1.089,7175.0,4,1,0,0,0.0,0
0.944,51,0,0.128,2635.0,7,0,0,0,0.0,0
0.095,51,1,0.105,14776.0,7,0,0,0,2.0,0
0.026,35,0,0.208,4562.0,10,0,0,0,0.0,0
0.909,73,0,0.339,5925.0,8,0,0,0,1.0,0
0.455,64,0,0.073,5265.0,3,0,0,0,1.0,0
0.502,48,0,0.669,8578.0,11,0,1,0,1.0,0
0.104,52,0,0.177,6887.0,6,1,1,0,0.0,1
0.276,54,1,0.002,5245.0,7,0,0,0,0.0,0
0.457,23,0,0.36,14975.0,4,0,1,0,1.0,0
0.439,48,0,0.043,577.0,7,0,0,0,2.0,0
0.325,42,0,0.519,12963.0,11,0,1,0,1.0,0
0.054,37,0,0.064,10344.0,4,0,0,0,2.0,0
0.065,48,1,0.695,1503.0,11,0,1,0,2.0,0
0.685,77,1,0.322,10410.0,5,0,1,0,0.0,1
0.349,60,0,0.292,11395.0,11,0,0,0,0.0,0
0.257,44,0,0.172,8048.0,11,0,1,0,0.0,1
0.386,60,0,0.156,1824.0,5,0,1,1,0.0,1
0.787,71,0,0.449,,9,0,1,1,1.0,1
0.668,64,1,0.303,10993.0,7,0,2,0,1.0,0
0.752,52,0,0.171,,7,0,0,1,0.0,1
0.379,42,1,0.529,7397.0,7,0,3,0,0.0,1
0.302,61,0,0.191,4242.0,7,0,1,0,2.0,0
0.65,57,0,0.655,10095.0,10,0,1,0,1.0,0
0.144,64,0,1.081,4361.0,9,0,1,1,0.0,0
0.338,60,0,0.298,3619.0,7,0,1,0,1.0,0
0.212,66,0,1.273,5284.0,13,0,4,1,2.0,0
0.362,44,0,0.75,2124.0,9,0,0,0,2.0,0
0.264,70,0,0.264,4929.0,11,0,2,1,2.0,0
0.693,54,0,0.167,6999.0,8,0,1,0,,1
0.21,81,0,0.227,9986.0,7,0,0,0,1.0,0
0.178,42,1,0.461,6466.0,8,0,2,0,0.0,0
0.737,76,0,0.246,1993.0,8,0,1,0,2.0,0
0.083,54,0,0.131,13997.0,11,0,0,0,0.0,0
0.447,42,0,0.398,14843.0,6,0,2,0,0.0,0
0.45,45,0,0.71,5877.0,6,0,3,0,0.0,0
0.249,47,0,0.031,3209.0,6,0,0,0,1.0,0
0.206,57,0,0.434,3744.0,6,0,0,0,0.0,0
0.509,59,1,1.112,4710.0,13,0,2,0,3.0,0
0.737,43,0,0.605,6602.0,9,0,1,0,0.0,0
0.394,51,0,0.074,4389.0,14,0,0,0,0.0,0
0.546,81,2,0.132,2978.0,5,0,1,0,1.0,0
0.185,76,0,0.236,11116.0,12,1,0,0,1.0,0
0.074,58,0,1.196,,5,0,1,0,1.0,1
0.648,52,0,0.598,2600.0,6,0,0,0,1.0,1
0.401,53,0,0.49,6660.0,11,0,2,0,0.0,0
0.154,60,0,0.054,6083.0,7,0,0,0,1.0,0
0.436,37,0,0.438,3286.0,10,0,0,0,1.0,0
0.737,48,0,0.687,12538.0,8,0,1,0,0.0,0
0.33,28,0,1.057,5970.0,10,0,1,0,0.0,1
0.14,57,0,0.431,,9,0,1,0,0.0,0
0.596,61,2,0.253,5123.0,10,0,0,0,1.0,0
0.126,45,1,0.638,7411.0,5,0,3,1,0.0,0
0.065,74,0,1.104,5164.0,9,0,1,0,1.0,0
0.113,34,0,0.346,5134.0,10,0,0,0,0.0,0
0.073,31,0,0.104,11455.0,5,0,0,0,1.0,0
0.154,55,1,0.454,,9,0,1,0,0.0,0
0.37,66,1,1.241,2262.0,5,0,5,0,2.0,0
0.385,75,0,0.293,9357.0,8,0,0,0,0.0,0
0.209,45,0,0.444,29469.0,5,0,2,0,1.0,0
0.205,67,1,0.763,10032.0,10,0,3,0,0.0,0
0.041,51,0,0.479,20029.0,11,0,1,0,0.0,0
0.083,49,0,0.02,4008.0,9,1,0,0,0.0,0
0.288,64,0,0.652,3477.0,8,0,2,0,1.0,0
0.282,61,0,0.283,7477.0,9,0,1,0,0.0,0
0.223,29,0,1.19,10589.0,12,0,2,0,1.0,0
0.125,72,1,1.237,2169.0,8,0,0,0,1.0,0
0.05,71,1,0.308,4679.0,9,0,1,0,1.0,1
0.155,43,0,1.214,5330.0,9,0,0,0,0.0,0
0.31,57,0,0.23,3377.0,7,0,1,0,0.0,0
0.53,58,0,0.502,3664.0,9,0,1,0,1.0,0
0.863,55,2,0.127,9800.0,10,1,1,0,0.0,1
0.427,44,0,0.255,7546.0,7,0,2,0,2.0,0
0.395,42,0,0.8,9499.0,7,0,1,0,1.0,1
0.123,51,0,1.085,6876.0,3,0,3,0,0.0,0
0.108,68,0,0.266,2948.0,14,0,0,0,0.0,0
0.608,59,1,0.145,7304.0,6,0,0,0,1.0,0
0.157,46,0,0.21,2789.0,9,1,0,0,1.0,0
0.17,62,0,0.913,4367.0,10,0,2,0,2.0,0
0.424,21,0,0.083,2630.0,5,0,0,0,0.0,0
0.542,68,0,0.122,3542.0,7,0,0,2,1.0,0
0.539,27,0,0.539,5787.0,7,0,0,0,1.0,0
0.206,46,0,1.058,,7,0,1,0,0.0,0
0.554,36,0,0.334,2927.0,9,0,3,0,0.0,0
0.205,33,0,0.67,12046.0,7,0,1,0,0.0,0
0.492,68,1,0.363,4995.0,8,0,0,0,0.0,0
0.931,45,0,0.092,3754.0,12,0,0,0,2.0,1
0.557,56,0,0.793,2546.0,11,0,3,1,2.0,0
0.587,51,1,0.456,1465.0,11,0,0,0,0.0,1
0.183,58,0,0.454,4650.0,9,0,4,0,2.0,0
0.236,53,1,0.244,2070.0,11,0,0,0,4.0,0
0.417,34,0,0.497,8941.0,4,0,0,0,2.0,0
0.938,65,0,0.274,,8,0,2,0,3.0,0
0.255,45,1,0.417,16169.0,7,0,2,0,2.0,0
0.479,30,0,0.045,6350.0,12,0,0,0,2.0,0
0.47,46,1,0.128,3266.0,11,0,0,0,0.0,1
0.066,73,0,0.086,1457.0,9,0,0,1,,0
0.079,63,0,0.246,9553.0,7,0,0,0,1.0,0
0.67,47,0,0.053,2188.0,4,0,0,0,2.0,0
0.581,47,0,0.169,4082.0,9,0,0,0,0.0,1
0.309,47,0,0.313,17533.0,15,0,2,1,2.0,0
0.14,81,0,0.88,,9,0,4,1,1.0,0
0.13,57,0,0.621,7136.0,8,0,2,0,0.0,0
0.042,58,0,0.035,10520.0,4,0,0,0,1.0,0
0.443,66,0,1.174,10249.0,5,0,1,0,2.0,0
0.078,55,0,0.478,16427.0,8,0,0,0,2.0,0
0.12,48,0,0.435,3563.0,15,0,1,0,0.0,0
0.276,49,0,0.527,4173.0,8,0,3,0,1.0,0
0.692,50,0,0.169,,6,0,1,0,0.0,0
0.373,51,1,1.245,5309.0,16,1,1,0,0.0,1
0.69,62,0,0.103,4951.0,8,0,1,0,0.0,0
0.516,52,1,0.613,1590.0,5,1,2,0,0.0,1
0.707,62,0,0.348,3437.0,9,0,1,0,2.0,0
0.082,50,0,1.015,14874.0,8,0,2,0,2.0,0
0.192,53,1,0.268,6444.0,9,0,1,0,,0
0.277,24,1,0.356,8962.0,9,0,1,0,0.0,1
0.174,64,1,0.475,,5,0,0,0,4.0,0
0.696,56,0,0.417,,8,0,4,0,0.0,0
0.222,65,0,0.02,4964.0,6,0,0,1,0.0,0
0.602,21,0,0.183,11262.0,9,0,1,0,0.0,0
0.278,81,0,0.355,2369.0,7,0,3,0,2.0,0
0.138,50,0,0.202,,10,0,2,0,0.0,0
0.248,67,1,0.441,1650.0,6,0,1,0,1.0,0
0.732,37,0,0.656,5509.0,9,0,1,0,2.0,0
0.452,60,0,1.102,,1,0,0,0,0.0,0
0.121,37,1,0.303,4366.0,11,0,1,0,1.0,0
0.561,43,0,0.115,,8,0,0,0,0.0,0
0.416,78,0,0.898,,11,0,2,0,0.0,0
0.269,49,0,0.951,3623.0,9,0,3,0,0.0,0
0.256,55,0,0.343,,10,0,0,0,1.0,0
0.49,64,0,0.112,3202.0,7,0,0,0,2.0,0
0.28,58,0,0.837,1980.0,5,0,0,0,0.0,0
0.463,54,0,0.069,2519.0,7,0,0,0,0.0,0
0.245,57,1,0.116,9233.0,5,0,1,0,0.0,0
0.399,85,0,0.857,4388.0,7,0,3,0,0.0,0
0.258,51,0,0.29,,7,0,0,0,0.0,0
0.836,54,0,0.199,3988.0,4,0,1,0,1.0,0
0.634,66,0,0.589,,9,0,2,0,0.0,0
0.063,67,0,0.509,7767.0,6,0,0,1,1.0,0
0.441,68,0,0.751,3947.0,7,0,1,1,1.0,1
0.01,60,0,0.116,2936.0,21,0,0,0,0.0,0
0.338,35,0,0.009,1616.0,10,0,0,0,1.0,0
0.368,74,0,0.35,8000.0,8,0,1,0,2.0,0
0.095,35,0,0.778,,5,0,1,0,1.0,0
0.512,56,0,0.082,1785.0,10,1,0,0,1.0,1
0.512,41,0,0.191,4191.0,10,0,0,0,1.0,0
0.501,51,0,0.104,3406.0,8,0,0,0,2.0,0
0.473,56,1,0.005,7990.0,10,0,0,0,2.0,0
0.431,56,0,0.801,,9,0,0,0,1.0,0
0.465,57,0,0.051,13713.0,11,0,0,1,0.0,0
0.049,74,0,0.51,4150.0,10,0,0,0,1.0,0
0.647,58,0,0.349,2286.0,4,0,2,0,1.0,0
0.373,48,0,0.114,,7,0,0,0,1.0,0
0.071,65,0,1.291,4226.0,10,0,3,0,1.0,0
0.364,68,1,0.475,7850.0,10,0,1,0,2.0,0
0.261,34,0,0.506,4182.0,13,0,1,0,1.0,0
0.166,60,0,0.599,,9,0,1,1,1.0,1
1.013,61,0,0.146,3123.0,9,0,0,0,0.0,0
0.39,47,0,0.39,4419.0,9,0,1,0,1.0,0
0.199,71,0,0.41,3135.0,10,0,3,0,0.0,0
0.061,49,0,0.63,3003.0,10,0,0,0,,0
0.348,53,0,0.32,13258.0,11,0,0,0,1.0,1
0.227,49,0,0.198,3293.0,9,0,1,0,2.0,0
0.26,52,0,0.905,4259.0,17,0,1,0,2.0,0
0.271,36,0,0.404,11285.0,10,0,1,0,0.0,0
0.165,31,0,0.339,9182.0,12,0,1,0,0.0,0
0.364,74,0,0.212,,15,0,2,0,0.0,0
0.026,40,0,0.942,7616.0,8,0,1,1,1.0,0
0.162,38,0,1.065,3568.0,5,0,0,0,0.0,0
0.176,21,1,0.389,22925.0,7,0,1,0,0.0,0
0.121,43,0,0.405,8164.0,10,0,2,0,0.0,0
0.267,33,0,0.256,4874.0,5,0,1,0,0.0,0
0.572,74,1,0.109,5655.0,9,0,0,0,1.0,1
0.401,66,0,0.399,6158.0,9,0,1,0,3.0,0
0.197,42,0,0.048,,12,0,0,0,0.0,0
0.192,83,0,0.98,2073.0,6,0,1,0,0.0,0
0.749,65,0,0.168,16962.0,8,0,1,0,1.0,0
0.152,47,1,0.579,5349.0,8,1,1,0,0.0,1
0.068,21,0,0.128,6176.0,8,0,0,0,0.0,0
0.752,84,0,0.29,,8,0,2,0,0.0,0
0.48,32,0,0.386,3367.0,15,0,1,0,0.0,0
0.727,28,0,0.707,8594.0,10,0,2,0,0.0,0
0.296,66,0,0.654,,11,0,2,0,0.0,0
0.118,86,0,0.193,6800.0,4,0,1,1,1.0,0
0.353,71,2,0.24,6254.0,9,0,1,0,1.0,0
0.102,59,0,0.711,9447.0,9,0,0,0,1.0,0
0.06,60,0,0.45,12654.0,14,0,0,0,1.0,0
0.435,63,0,0.437,3620.0,8,0,0,0,1.0,0
0.4,62,0,0.11,14642.0,9,0,0,0,1.0,0
0.576,55,1,0.65,15386.0,5,0,1,0,0.0,0
0.574,53,1,0.255,4560.0,10,0,1,0,0.0,0
0.252,51,0,0.18,5407.0,5,0,0,0,1.0,0
0.603,41,0,0.219,3843.0,4,0,1,0,2.0,0
0.016,48,0,0.045,4386.0,6,0,0,0,0.0,0
0.286,28,0,0.291,2339.0,14,0,1,0,1.0,0
0.053,50,1,0.106,9361.0,8,0,1,0,2.0,0
1.102,38,0,0.313,1293.0,9,0,1,0,,0
0.308,36,1,0.552,3334.0,7,0,1,0,,1
0.293,54,0,1.133,,13,0,0,0,0.0,0
0.674,71,0,0.129,13492.0,7,0,1,0,2.0,1
0.125,64,0,0.116,3708.0,13,0,0,0,0.0,0
0.195,30,0,0.239,7328.0,8,0,0,0,2.0,0
0.136,38,0,0.165,,7,0,1,0,0.0,0
0.129,65,0,0.143,,5,0,1,0,1.0,0
0.472,38,1,0.311,7065.0,12,0,1,0,1.0,0
0.53,48,0,0.404,9712.0,11,1,1,0,1.0,0
0.599,59,0,0.601,,6,0,0,0,1.0,0
0.088,38,0,2.342,2671.0,10,0,2,0,0.0,0
0.239,53,0,0.521,7023.0,5,0,0,0,,0
0.517,33,1,0.188,3861.0,5,1,1,0,0.0,0
0.356,43,0,0.782,5548.0,8,0,3,1,0.0,1
0.11,56,1,0.47,6782.0,5,1,2,0,1.0,0
1.055,29,1,0.31,12956.0,5,0,1,0,2.0,0
0.262,58,0,0.961,9420.0,10,0,0,0,0.0,0
0.214,51,0,0.624,3372.0,3,0,2,0,0.0,0
0.087,59,0,0.601,2437.0,10,0,2,0,0.0,1
0.146,55,0,0.004,17947.0,7,0,0,0,0.0,0
0.254,71,0,0.701,1794.0,11,0,0,0,2.0,0
0.139,53,0,0.552,,4,0,0,0,1.0,0
0.055,45,0,0.224,8533.0,17,0,1,1,0.0,1
0.227,53,0,0.121,17105.0,8,1,0,0,0.0,0
0.188,59,0,0.519,4756.0,5,0,5,0,1.0,0
0.505,52,0,0.218,5537.0,8,1,2,0,1.0,0
0.242,52,0,0.387,2944.0,6,0,0,0,1.0,0
0.029,42,0,0.072,5935.0,6,0,0,0,2.0,0
0.258,42,0,1.1,,10,0,2,0,1.0,0
0.2,32,1,0.847,3212.0,7,0,2,0,,1
0.645,76,0,0.25,9272.0,10,0,1,0,2.0,0
0.61,34,0,0.267,4010.0,7,0,1,0,2.0,0
0.353,42,0,0.339,,6,0,2,0,1.0,0
0.464,41,1,0.134,4878.0,10,0,1,0,0.0,1
0.697,64,1,0.111,2084.0,14,0,1,0,1.0,0
0.583,47,0,0.311,12306.0,4,0,1,0,1.0,0
0.689,69,0,1.003,2163.0,17,0,0,1,1.0,0
0.317,42,1,1.072,3564.0,13,0,2,0,1.0,0
0.292,55,0,0.881,4723.0,9,0,3,0,0.0,0
0.173,40,0,0.347,10983.0,3,0,0,0,0.0,0
0.093,82,0,0.779,3757.0,10,0,1,0,0.0,0
0.698,35,0,0.253,2839.0,8,0,0,0,1.0,0
0.186,56,3,0.07,6087.0,6,0,0,0,0.0,0
0.102,60,1,0.403,4676.0,7,1,0,0,2.0,0
0.573,57,0,0.987,3916.0,10,0,1,0,0.0,0
0.581,49,0,0.007,6320.0,5,0,0,0,0.0,0
0.186,50,0,0.401,2339.0,10,0,3,0,0.0,0
0.874,52,1,0.108,1627.0,7,0,0,0,0.0,0
0.323,49,0,0.037,24273.0,13,0,0,0,0.0,0
0.467,65,1,0.089,5843.0,11,0,0,0,2.0,0
0.057,82,0,0.17,6136.0,9,0,0,0,1.0,0
0.116,44,1,1.384,,11,0,4,0,1.0,0
0.754,32,0,0.989,10182.0,5,0,3,0,0.0,1
0.163,50,0,1.022,3739.0,9,0,0,0,1.0,0
0.089,88,0,0.145,773.0,8,0,1,0,3.0,0
0.626,40,0,0.31,3652.0,12,0,3,0,3.0,0
0.032,74,1,0.141,,9,0,1,0,1.0,1
0.234,75,0,0.96,4822.0,9,0,1,0,1.0,0
0.129,44,0,0.56,4725.0,4,0,5,0,0.0,0
0.089,59,1,0.398,3458.0,15,1,1,0,1.0,0
0.02,74,0,0.19,3232.0,5,0,1,0,1.0,0
0.425,46,0,0.107,,10,0,1,0,0.0,0
0.416,49,2,0.231,,9,0,2,0,0.0,0
0.671,43,0,0.433,,6,0,0,0,1.0,0
0.311,37,1,0.27,5818.0,7,0,2,0,2.0,1
0.342,42,1,0.191,5886.0,10,0,1,0,0.0,0
0.396,34,1,0.266,10053.0,9,0,1,0,0.0,1
0.525,52,0,0.375,4542.0,8,0,0,0,0.0,0
0.288,41,0,0.222,2355.0,7,0,0,0,0.0,0
0.572,55,0,1.113,1397.0,9,0,1,0,,0
0.321,30,0,0.299,2913.0,12,0,1,1,2.0,0
0.084,56,0,0.378,7301.0,13,0,3,0,1.0,0
0.534,63,0,0.469,14898.0,8,0,2,0,1.0,1
0.556,24,0,0.41,,9,0,2,0,1.0,0
0.236,57,1,0.741,2323.0,9,0,2,0,0.0,0
0.155,69,0,1.257,2934.0,6,1,3,0,1.0,0
0.353,35,0,0.733,2999.0,11,0,1,0,1.0,0
0.487,75,0,0.372,4088.0,2,0,2,0,0.0,0
0.798,57,0,0.085,11904.0,10,0,0,0,0.0,0
0.722,42,0,0.961,12572.0,9,0,1,0,1.0,0
0.12,51,0,0.271,4815.0,6,0,1,0,1.0,0
0.476,59,2,0.515,6174.0,3,0,0,0,0.0,1
0.982,53,0,1.596,3108.0,6,0,0,0,0.0,0
0.096,59,0,0.302,1641.0,7,1,0,0,1.0,0
0.377,39,1,0.329,,13,0,1,0,0.0,0
0.22,54,0,0.521,1069.0,5,0,1,0,0.0,0
0.233,32,0,0.675,1503.0,9,0,6,0,2.0,0
0.695,50,1,0.434,,4,0,2,0,0.0,1
0.616,39,0,0.231,5495.0,7,0,1,0,0.0,0
0.471,41,1,0.263,2470.0,9,0,2,0,1.0,1
0.18,69,0,0.33,,10,0,0,0,1.0,0
0.329,67,0,0.4,9331.0,5,0,1,1,2.0,0
0.675,60,0,0.501,,7,0,0,0,1.0,0
0.4,36,0,0.822,3741.0,7,0,1,0,0.0,1
0.246,47,0,0.187,10030.0,8,0,1,0,0.0,0
0.241,68,0,0.529,3066.0,6,1,0,1,4.0,0
0.015,53,0,0.26,6618.0,12,0,1,0,0.0,0
0.613,84,1,0.447,14726.0,9,0,1,0,1.0,0
0.408,57,0,0.765,,5,0,1,0,0.0,0
0.076,54,0,0.104,4278.0,10,0,0,0,2.0,0
0.127,47,0,0.322,6523.0,6,0,0,0,0.0,0
0.314,53,0,0.329,1549.0,5,0,1,0,1.0,0
0.189,49,0,0.847,3749.0,9,0,3,0,1.0,0
0.39,61,0,0.418,11284.0,6,0,0,0,1.0,0
0.509,65,1,0.614,3318.0,5,0,1,0,0.0,1
0.282,40,0,0.219,1922.0,9,0,1,0,3.0,0
0.064,33,0,0.627,11987.0,8,0,2,0,1.0,0
0.033,26,0,0.426,7414.0,6,0,1,0,1.0,1
0.601,59,0,0.214,5176.0,5,0,0,0,0.0,0
0.225,36,0,0.366,5070.0,8,0,2,0,1.0,0
0.441,21,0,0.241,11157.0,10,0,1,0,1.0,0
0.659,57,0,0.003,6675.0,11,1,0,0,1.0,1
0.397,86,0,0.265,8535.0,13,0,2,0,1.0,0
0.465,51,0,0.121,3345.0,9,0,1,0,0.0,0
0.335,63,0,0.76,1419.0,5,1,1,1,0.0,1
0.041,53,0,0.788,8395.0,5,0,1,0,1.0,0
0.73,50,0,0.655,11739.0,7,0,0,0,0.0,0
0.303,64,1,0.896,4642.0,15,0,3,1,0.0,1
0.122,47,1,0.188,10112.0,10,0,1,0,0.0,1
0.137,55,0,0.337,,16,0,1,0,0.0,0
0.115,56,0,0.834,5098.0,4,0,0,0,0.0,0
0.197,42,0,0.599,18522.0,4,0,1,0,0.0,0
0.112,65,0,0.301,4429.0,9,0,3,0,1.0,0
0.321,49,0,0.315,4250.0,16,0,1,0,0.0,0
0.176,41,1,0.004,,6,0,0,0,1.0,0
0.205,59,0,0.215,8805.0,7,0,1,0,0.0,0
0.311,39,0,0.2,3305.0,12,0,0,0,1.0,1
0.592,52,0,0.982,6021.0,11,0,2,0,1.0,0
0.253,51,0,0.472,4357.0,9,0,1,0,2.0,0
0.037,67,0,0.158,,10,0,0,0,0.0,0
0.214,58,0,0.336,5002.0,11,0,1,0,1.0,0
0.672,51,0,0.595,5279.0,9,0,0,0,0.0,0
0.568,63,0,0.325,12373.0,11,1,2,0,0.0,0
0.623,71,0,0.534,15743.0,13,0,2,0,0.0,0
0.489,59,0,0.106,8566.0,10,0,0,0,0.0,0
0.169,52,0,0.429,13228.0,9,0,2,0,1.0,0
0.357,33,0,0.109,9876.0,6,0,1,0,1.0,1
0.222,37,0,0.769,7679.0,10,0,1,0,2.0,0
0.739,47,0,0.117,15042.0,7,0,1,0,2.0,0
0.832,43,0,0.189,2173.0,5,0,1,0,0.0,0
1.036,49,0,0.142,3364.0,16,0,0,0,0.0,0
0.351,52,0,0.343,3058.0,8,0,0,0,0.0,0
0.4,59,0,0.546,4399.0,5,0,1,0,0.0,0
0.742,51,0,0.129,8779.0,11,0,1,0,1.0,0
0.034,58,0,0.216,,9,0,2,0,2.0,0
0.405,52,0,0.762,7723.0,12,0,2,0,2.0,0
0.878,24,0,0.636,,4,0,2,0,0.0,1
0.315,38,0,0.623,4260.0,9,0,0,0,0.0,1
0.18,49,1,0.495,6250.0,8,0,1,0,0.0,1
0.175,35,0,0.687,17621.0,6,0,2,1,0.0,0
0.174,60,0,0.167,3299.0,7,0,0,0,1.0,0
0.768,73,0,0.312,5136.0,8,0,0,0,1.0,0
0.101,69,0,0.573,2554.0,6,0,0,1,0.0,1
0.243,49,0,0.166,3277.0,8,0,1,0,0.0,0
0.493,72,0,0.292,2537.0,8,0,1,0,1.0,0
0.051,54,0,0.772,6447.0,14,0,3,0,1.0,0
0.22,47,2,0.366,7315.0,12,0,1,0,0.0,0
0.755,43,1,0.401,8786.0,12,0,0,0,2.0,0
0.088,47,0,0.121,3205.0,11,0,0,0,1.0,0
0.157,46,0,0.112,7751.0,6,0,1,0,0.0,0
0.323,54,1,0.01,5879.0,6,0,0,0,0.0,1
0.355,54,0,1.001,5216.0,9,0,0,0,0.0,0
0.219,52,0,1.112,2278.0,6,0,1,0,0.0,0
0.437,58,0,0.183,6047.0,8,0,1,0,1.0,0
0.547,68,0,0.256,6182.0,6,0,2,0,1.0,0
0.648,65,1,0.006,5833.0,9,0,0,0,0.0,0
0.255,31,0,0.092,7187.0,11,0,0,0,2.0,0
0.414,21,0,0.342,8833.0,12,0,2,0,0.0,0
0.485,65,0,0.197,,9,0,1,0,0.0,0
0.303,32,0,0.859,,6,0,3,0,0.0,1
0.389,48,1,0.484,7793.0,9,0,0,1,0.0,1
0.308,35,0,0.23,4501.0,13,0,2,0,0.0,0
0.365,26,0,0.418,10632.0,11,0,0,0,1.0,0
0.265,59,0,0.357,5786.0,8,0,1,0,0.0,0
0.589,62,0,0.15,,12,0,1,0,0.0,0
0.3,43,1,0.571,9775.0,6,0,1,0,1.0,0
0.174,21,0,0.031,5004.0,9,0,0,0,0.0,0
1.147,44,0,0.268,,8,0,2,0,1.0,1
0.169,57,0,0.057,4552.0,12,0,0,0,,0
0.252,31,0,1.279,2235.0,3,0,3,0,0.0,0
0.093,54,1,0.419,9202.0,6,0,0,0,2.0,0
0.558,51,0,0.385,5297.0,6,0,2,0,0.0,0
0.253,60,0,0.704,2845.0,12,1,1,0,1.0,1
0.231,53,0,0.385,,8,0,3,0,0.0,0
0.508,38,0,1.136,,11,0,2,0,1.0,0
0.049,68,0,0.518,4605.0,8,0,1,0,0.0,0
0.073,49,2,0.387,2271.0,11,0,1,0,1.0,0
0.794,51,0,0.554,3012.0,6,0,0,0,1.0,0
0.715,38,0,0.362,2980.0,11,0,0,0,0.0,0
0.436,45,0,0.763,9160.0,12,0,0,1,1.0,0
0.436,39,0,0.618,1675.0,10,0,0,0,1.0,0
0.16,49,0,0.277,,14,0,2,0,1.0,0
0.248,75,0,0.096,,8,0,0,0,1.0,0
0.308,32,0,0.224,11214.0,8,0,2,0,2.0,0
0.356,29,0,0.087,6393.0,12,1,0,0,1.0,0
0.276,72,0,0.347,7900.0,7,0,2,0,0.0,0
0.368,49,0,0.01,3760.0,7,0,0,0,0.0,0
0.812,42,1,0.232,2295.0,5,0,1,0,1.0,1
0.063,66,0,0.717,4325.0,12,0,2,0,1.0,0
0.324,43,0,0.642,9358.0,12,0,0,0,0.0,0
0.397,77,0,0.003,9343.0,10,0,0,0,0.0,0
0.079,61,1,0.003,,7,0,0,0,0.0,0
0.155,45,0,0.055,,11,0,0,1,0.0,0
0.522,82,0,0.921,2592.0,7,0,2,0,3.0,0
0.372,43,0,0.522,4936.0,10,0,3,0,3.0,0
0.221,62,1,1.524,5976.0,6,0,1,0,0.0,0
0.117,56,0,0.764,15233.0,12,0,0,0,3.0,0
0.708,70,1,0.873,5921.0,5,0,1,0,0.0,1
0.221,73,0,0.148,8347.0,7,0,1,0,1.0,0
0.101,52,0,0.226,3145.0,7,0,0,0,0.0,0
0.094,41,1,1.867,5593.0,13,0,1,0,0.0,1
0.225,58,0,0.056,5991.0,12,0,0,0,0.0,0
0.105,42,0,0.299,4923.0,8,0,0,0,1.0,0
0.43,80,1,0.348,5349.0,7,0,2,0,1.0,1
0.104,53,0,0.472,5933.0,13,0,3,0,,0
0.539,46,0,0.975,7606.0,11,0,2,0,0.0,0
0.692,54,0,0.41,12313.0,6,0,1,0,1.0,0
0.258,33,0,0.698,1112.0,10,0,2,0,0.0,0
0.009,38,1,0.491,,11,0,1,0,1.0,0
0.377,68,0,0.264,1640.0,4,0,0,0,1.0,0
0.519,42,0,0.649,6742.0,8,0,1,0,0.0,0
0.56,37,0,1.336,28253.0,12,0,1,0,0.0,0
0.696,59,0,1.192,5272.0,13,0,0,0,1.0,0
0.676,68,0,0.545,6161.0,11,0,0,0,2.0,0
0.261,62,0,0.434,4371.0,13,0,2,0,2.0,0
0.238,65,0,0.262,8665.0,8,0,2,0,1.0,0
0.07,41,0,0.116,6999.0,11,0,1,1,0.0,0
0.592,32,0,0.292,,13,0,2,0,1.0,0
0.646,73,0,0.246,5014.0,18,0,1,0,0.0,0
0.469,47,0,0.049,2483.0,2,0,0,0,2.0,0
0.079,48,1,0.089,4998.0,7,0,0,0,1.0,0
0.691,70,0,0.031,4050.0,6,1,0,0,1.0,0
0.791,59,0,0.46,5976.0,7,0,2,0,0.0,0
0.292,58,0,0.047,3305.0,8,0,0,0,1.0,0
0.323,82,0,0.475,4675.0,10,0,0,0,1.0,0
0.67,42,0,0.442,5465.0,9,0,3,0,2.0,1
0.521,64,0,0.49,5738.0,13,0,1,0,1.0,0
0.361,52,0,1.05,,5,0,3,0,0.0,0
0.099,55,0,0.131,,9,0,1,0,0.0,0
0.12,73,1,1.578,3132.0,12,0,0,0,1.0,0
0.686,59,1,0.463,5753.0,9,0,1,0,0.0,0
0.354,59,0,0.019,,10,0,0,0,2.0,0
0.251,67,0,0.432,,12,0,3,0,2.0,0
0.152,46,0,0.761,,4,0,0,0,0.0,0
0.037,40,0,0.717,2079.0,12,0,4,0,1.0,0
0.427,37,0,0.119,8367.0,8,0,0,0,1.0,0
0.113,24,0,0.988,9628.0,5,0,0,0,1.0,0
0.213,80,0,0.542,2117.0,6,0,0,0,0.0,0
0.266,36,0,0.566,8149.0,10,0,1,1,1.0,0
0.381,48,1,0.968,,11,0,2,0,0.0,0
0.199,48,0,0.914,2794.0,5,0,4,0,1.0,0
0.034,56,0,0.218,,11,0,1,0,0.0,0
0.755,63,1,0.507,6188.0,15,0,2,0,0.0,1
0.576,64,0,0.646,8098.0,8,0,0,0,1.0,1
0.077,43,0,0.37,2719.0,6,0,3,0,3.0,0
0.311,49,0,0.162,12209.0,8,0,1,0,0.0,0
0.048,55,0,0.061,1312.0,7,0,0,0,1.0,0
0.482,48,0,0.076,13720.0,9,0,0,0,0.0,0
0.121,74,0,0.038,,7,0,0,0,0.0,0
0.548,58,2,0.736,3515.0,7,0,1,0,2.0,0
0.618,62,0,0.697,9948.0,6,0,1,0,0.0,1
0.842,61,0,0.057,2609.0,7,0,0,0,0.0,0
0.233,68,0,0.428,5887.0,8,0,0,0,1.0,0
0.763,54,0,0.345,6419.0,9,0,0,0,0.0,0
0.966,33,0,0.213,6408.0,9,0,1,0,0.0,0
0.156,57,1,0.19,3018.0,8,0,1,0,1.0,0
0.126,42,0,0.101,3838.0,17,0,0,0,0.0,0
0.405,44,0,0.459,5936.0,16,0,0,0,1.0,0
0.09,60,0,0.435,3266.0,9,0,3,0,0.0,0
0.691,69,0,0.114,6568.0,15,0,0,0,0.0,0
0.173,52,0,0.008,3534.0,4,0,0,0,1.0,0
0.652,56,0,0.936,10938.0,9,0,1,0,2.0,0
0.651,75,0,0.589,16218.0,8,0,1,0,1.0,0
0.239,55,0,0.324,4411.0,6,0,1,0,2.0,0
0.526,88,0,1.102,,5,0,1,0,1.0,0
0.571,59,2,0.222,4682.0,9,0,1,0,1.0,0
0.607,27,0,0.393,2820.0,15,0,0,0,0.0,0
0.087,62,0,0.127,4032.0,9,0,0,0,1.0,0
0.589,57,0,0.232,5767.0,9,1,1,0,0.0,0
0.788,70,0,0.752,1555.0,11,0,1,0,1.0,0
0.434,61,0,0.541,8417.0,6,0,0,1,0.0,0
0.174,50,0,0.222,5769.0,8,0,1,0,0.0,0
0.332,34,1,0.33,10942.0,9,0,3,0,1.0,0
0.06,49,0,0.355,8314.0,12,1,2,0,1.0,0
0.091,40,0,0.5,,8,0,0,0,0.0,0
0.203,43,0,0.237,4234.0,10,0,2,0,1.0,0
0.502,60,0,0.59,15772.0,11,0,2,0,1.0,0
0.211,75,0,0.772,24808.0,5,0,0,0,0.0,0
0.399,57,0,0.069,4284.0,8,0,0,0,0.0,0
0.507,35,0,0.694,11267.0,9,0,0,0,3.0,0
0.589,58,1,0.318,3312.0,8,0,3,0,2.0,0
0.11,68,0,0.485,3600.0,6,0,1,0,0.0,0
0.125,43,0,0.748,4145.0,5,0,2,0,1.0,0
0.075,50,0,0.406,8772.0,8,0,2,0,1.0,0
0.581,52,0,0.18,2559.0,12,0,1,0,0.0,0
0.625,41,0,0.905,16074.0,6,0,0,0,1.0,0
0.696,61,0,0.207,10473.0,10,1,2,0,1.0,0
0.334,50,0,0.383,8631.0,5,0,1,0,1.0,0
0.374,57,0,0.563,4422.0,8,0,4,0,0.0,0
0.519,39,0,0.316,9707.0,12,0,1,0,0.0,0
0.404,45,0,0.269,705.0,10,0,0,0,0.0,0
0.617,62,2,0.368,7396.0,7,0,1,0,1.0,0
0.293,46,0,0.18,6076.0,10,0,1,0,1.0,0
0.459,76,0,0.498,1450.0,11,0,1,0,0.0,0
0.069,46,0,0.007,7218.0,6,0,0,0,0.0,0
0.832,55,0,0.107,8214.0,7,0,1,0,0.0,0
0.93,65,0,0.428,,8,0,2,0,0.0,0
0.5,32,0,0.273,2367.0,10,0,0,0,0.0,1
0.254,27,0,0.113,,13,0,0,0,1.0,0
0.281,30,0,0.381,4767.0,9,0,1,0,3.0,0
0.152,69,1,0.354,10753.0,5,0,1,0,0.0,0
0.44,44,1,0.25,,8,0,1,0,2.0,1
0.894,87,1,0.469,7156.0,7,0,1,1,0.0,0
0.239,44,0,1.109,11071.0,10,0,0,1,0.0,0
0.174,54,2,0.436,1238.0,11,0,2,0,3.0,1
0.373,73,0,0.74,4622.0,13,0,2,0,0.0,1
0.104,80,0,0.2,629.0,11,0,1,0,,0
0.119,80,0,0.502,1600.0,15,0,0,0,0.0,0
0.183,68,0,0.366,,8,0,0,0,0.0,0
0.568,66,0,0.557,3409.0,11,0,2,0,0.0,0
0.381,60,0,0.782,5591.0,13,0,0,0,2.0,0
0.115,62,0,0.293,5354.0,10,1,2,1,1.0,0
0.698,44,1,0.661,5965.0,8,0,5,0,0.0,1
0.79,40,0,0.03,6138.0,3,1,0,0,1.0,1
0.438,51,1,0.753,6857.0,5,0,3,0,1.0,0
0.553,49,0,0.85,2776.0,4,1,2,0,0.0,0
0.141,45,0,0.382,3270.0,11,0,2,0,1.0,0
0.309,61,0,0.154,5293.0,14,1,0,0,0.0,1
0.895,65,0,0.376,5351.0,7,0,0,0,0.0,0
0.274,53,0,0.128,,8,0,1,0,0.0,0
0.169,72,0,0.122,11581.0,14,0,0,1,2.0,0
0.043,36,0,0.16,9021.0,8,0,0,1,0.0,0
0.398,49,0,0.256,2976.0,4,0,0,0,1.0,0
0.222,41,0,0.427,,11,0,2,0,0.0,0
0.222,25,0,0.282,22174.0,11,0,2,0,1.0,0
0.176,50,1,0.272,6078.0,6,0,0,0,0.0,0
0.399,50,0,1.011,7165.0,11,0,1,0,0.0,0
0.398,73,0,0.11,3547.0,7,0,1,0,0.0,0
0.07,60,0,0.399,4363.0,5,0,0,0,0.0,0
0.536,37,0,0.343,15645.0,6,0,0,0,0.0,0
1.14,77,0,1.004,5880.0,6,0,1,0,0.0,0
0.932,69,0,0.363,,10,0,0,0,0.0,0
0.103,60,0,0.543,5461.0,9,0,2,0,3.0,0
0.357,48,0,0.514,32266.0,7,0,0,0,3.0,0
0.371,38,0,0.109,5585.0,11,0,0,0,0.0,0
0.187,46,0,0.517,3038.0,10,0,2,0,1.0,0
0.236,67,0,0.356,3433.0,9,0,1,0,1.0,0
0.478,78,0,0.202,9382.0,8,1,0,0,2.0,0
0.631,73,0,0.129,,12,0,1,0,4.0,0
0.074,45,1,0.321,7446.0,14,0,2,0,0.0,0
0.116,36,1,0.215,3273.0,3,0,1,0,0.0,0
0.755,53,0,0.651,1479.0,7,0,2,0,2.0,0
0.098,27,0,0.887,2735.0,12,0,0,0,1.0,0
0.104,56,0,0.192,5537.0,8,0,1,0,1.0,0
0.188,49,0,0.027,14424.0,8,0,0,0,0.0,0
0.347,45,1,3.619,10294.0,8,0,1,0,1.0,0
0.416,29,0,0.411,,15,1,0,0,1.0,1
0.332,59,1,0.961,10727.0,7,0,2,0,0.0,0
0.298,44,0,0.054,4231.0,7,0,0,0,2.0,0
0.107,35,0,0.565,1946.0,7,0,0,0,0.0,0
0.023,21,1,0.587,5512.0,7,0,0,0,0.0,0
0.35,51,0,0.257,1893.0,10,0,2,0,2.0,0
0.368,76,1,0.262,9452.0,11,0,2,0,1.0,0
0.05,75,0,0.323,9548.0,11,0,2,0,1.0,0
0.313,45,0,0.186,2934.0,8,0,1,0,0.0,0
1.171,43,0,1.397,,10,0,1,0,1.0,0
0.046,58,1,0.358,5974.0,9,0,2,0,2.0,0
0.1,38,0,0.601,10000.0,8,0,1,0,0.0,0
0.282,56,1,0.572,2272.0,11,0,0,0,1.0,0
0.639,62,0,0.271,8264.0,11,0,1,1,0.0,0
0.061,69,0,0.502,2161.0,9,0,1,0,3.0,0
0.31,50,0,0.04,9358.0,9,1,0,0,0.0,0
0.591,49,0,0.177,,8,0,0,0,2.0,0
0.337,39,1,1.297,3399.0,8,0,1,1,1.0,0
0.046,40,0,0.065,12751.0,6,0,0,1,0.0,0
0.172,48,0,0.171,1805.0,9,0,0,0,1.0,0
0.306,57,0,0.547,11728.0,12,0,0,0,1.0,0
0.596,64,1,0.383,14867.0,12,0,0,0,0.0,1
0.544,40,0,0.349,,12,0,0,0,2.0,0
0.064,72,1,0.772,4737.0,15,1,1,0,0.0,0
0.595,48,0,0.21,,17,0,2,0,0.0,1
0.66,51,2,0.616,3559.0,4,0,1,0,0.0,1
0.31,41,0,0.85,34106.0,12,0,1,0,2.0,0
0.033,21,0,0.106,3603.0,12,0,1,0,0.0,0
0.172,64,0,0.287,13659.0,4,0,0,0,3.0,0
0.374,62,0,0.35,3233.0,7,0,2,0,0.0,0
0.08,48,0,0.218,,12,0,2,0,2.0,0
0.769,52,0,0.189,,6,0,0,0,1.0,0
0.072,59,0,0.562,7117.0,6,0,2,0,0.0,0
0.428,30,1,0.98,6639.0,6,0,1,1,0.0,1
0.367,44,0,0.739,2781.0,13,0,4,0,2.0,0
0.775,63,0,0.68,,11,0,0,0,1.0,0
0.038,34,1,0.145,6691.0,17,0,1,1,0.0,1
0.408,56,0,0.283,15074.0,8,1,2,0,0.0,0
0.369,33,1,1.331,3701.0,5,0,1,0,1.0,0
0.273,58,0,0.864,25477.0,16,0,1,0,1.0,0
0.163,51,0,0.094,3544.0,15,0,0,0,2.0,0
0.106,29,1,0.74,6378.0,9,0,4,0,0.0,0
0.326,68,1,0.258,6390.0,6,0,1,0,1.0,0
0.243,41,0,0.221,5059.0,6,0,0,1,1.0,0
0.397,40,0,0.79,1299.0,3,0,1,0,1.0,0
0.163,54,1,0.566,3522.0,10,1,1,0,3.0,0
0.24,68,0,0.195,6246.0,9,0,1,0,0.0,0
0.232,37,0,0.233,5079.0,8,0,1,0,1.0,0
0.107,52,0,0.22,8479.0,12,0,1,1,0.0,1
0.462,58,0,0.831,9226.0,8,0,3,0,1.0,0
0.13,61,0,0.236,4591.0,8,0,0,0,0.0,0
0.401,54,0,1.054,2769.0,11,0,0,0,0.0,1
0.079,46,0,0.594,16056.0,10,0,0,0,0.0,0
0.265,40,0,0.283,2103.0,5,0,2,0,3.0,0
0.28,53,0,0.54,3581.0,8,1,0,0,1.0,0
0.098,36,0,0.247,2996.0,9,0,0,0,1.0,0
0.284,21,0,0.102,9159.0,5,1,0,0,1.0,1
0.787,58,0,0.358,13656.0,6,0,2,0,1.0,0
0.502,64,0,1.253,4810.0,7,0,0,0,2.0,0
0.061,21,0,0.332,6379.0,4,0,1,0,1.0,0
0.867,37,1,0.645,,3,1,2,0,0.0,1
0.228,60,0,0.227,19203.0,8,0,0,1,0.0,1
0.302,80,1,0.163,1569.0,5,0,0,0,1.0,0
0.841,52,1,0.657,9145.0,7,0,1,0,0.0,0
0.12,41,0,0.76,7070.0,7,0,1,0,2.0,0
0.22,49,0,0.226,4190.0,6,0,2,1,0.0,0
0.095,71,0,0.214,6825.0,8,0,1,0,1.0,0
0.391,42,0,0.248,9123.0,6,0,0,0,1.0,0
0.762,40,0,0.233,8170.0,8,0,1,0,0.0,0
0.174,45,0,0.536,24611.0,9,1,0,0,0.0,1
0.055,38,0,0.043,5939.0,8,0,0,0,1.0,0
0.337,53,0,0.659,5535.0,7,0,1,0,2.0,0
0.816,74,1,0.537,4784.0,8,0,2,0,0.0,0
0.158,56,0,0.22,7999.0,10,0,1,0,0.0,0
0.472,48,1,0.248,5311.0,7,0,1,0,0.0,0
0.496,47,1,0.071,5482.0,12,0,0,0,0.0,0
0.166,30,1,0.102,5500.0,7,0,0,0,0.0,0
0.169,64,0,0.542,4943.0,7,0,1,0,0.0,0
0.383,50,2,0.265,3547.0,8,0,1,0,0.0,0
0.215,49,0,0.607,7278.0,12,0,2,0,1.0,0
0.317,95,0,0.353,4449.0,11,0,1,0,0.0,0
0.427,56,0,0.055,8346.0,9,0,0,0,0.0,0
0.417,41,0,0.342,,9,0,1,0,0.0,0
0.258,46,0,0.494,4144.0,10,0,0,0,1.0,0
0.787,68,0,0.224,16242.0,9,0,1,0,0.0,0
0.504,53,0,0.466,,12,0,1,0,2.0,0
0.281,31,0,0.178,8400.0,5,0,1,0,0.0,0
0.774,64,0,0.151,,9,0,1,0,2.0,0
0.515,42,0,0.356,1316.0,7,0,2,1,1.0,0
0.08,78,0,0.173,3652.0,17,0,0,0,0.0,0
0.715,67,0,0.501,1217.0,14,0,0,0,1.0,0
0.06,45,0,0.216,4602.0,4,0,0,0,0.0,0
0.531,69,0,0.03,,9,0,0,2,1.0,1
0.101,52,0,0.352,2882.0,9,0,0,0,0.0,0
0.082,63,0,0.222,1244.0,13,0,0,0,0.0,0
0.501,58,0,0.341,,8,0,2,0,0.0,1
0.401,40,0,0.767,,7,0,2,0,4.0,0
0.129,42,0,0.159,5372.0,10,0,1,0,2.0,0
0.025,66,0,0.956,9431.0,9,0,1,0,0.0,0
0.429,47,1,0.242,7834.0,14,0,1,0,1.0,0
0.21,46,0,0.316,9185.0,7,0,1,0,1.0,0
0.156,38,0,1.027,,11,0,1,0,1.0,0
0.188,57,0,0.901,,5,0,4,1,2.0,0
0.654,80,0,0.027,2018.0,7,0,0,0,0.0,0
0.256,37,0,0.402,12330.0,10,0,1,0,1.0,0
0.112,52,1,0.13,3143.0,7,1,0,0,0.0,0
0.289,71,0,0.349,3392.0,3,0,1,0,0.0,0
0.43,50,0,0.475,2244.0,11,0,0,0,1.0,0
0.335,58,0,0.34,4091.0,4,0,1,0,0.0,0
0.237,37,1,0.026,4253.0,9,0,0,0,,0
0.363,57,0,0.264,2818.0,12,0,0,0,0.0,0
0.11,49,1,0.209,2599.0,4,0,2,1,0.0,1
0.085,65,0,0.15,6789.0,11,0,0,0,0.0,0
0.156,68,1,0.328,3086.0,13,0,1,0,3.0,1
0.56,88,0,0.562,3553.0,7,0,2,0,1.0,0
0.325,60,0,0.347,1176.0,11,0,1,0,1.0,0
0.102,56,0,0.058,21094.0,9,0,0,1,0.0,0
0.254,54,1,0.942,10502.0,6,0,0,0,0.0,1
0.181,47,0,0.468,3842.0,10,0,1,0,0.0,0
0.131,56,0,0.233,2895.0,12,1,1,0,1.0,0
0.326,47,0,1.283,5473.0,8,0,1,0,1.0,0
0.502,54,0,0.75,5369.0,9,0,0,0,2.0,0
0.112,70,0,0.254,2223.0,5,0,2,0,0.0,0
0.487,37,0,0.373,911.0,11,0,0,0,0.0,0
0.113,67,1,0.487,3758.0,7,0,2,0,0.0,0
0.329,70,0,0.275,1818.0,10,0,2,0,0.0,0
0.141,50,0,0.293,6124.0,11,0,2,0,0.0,0
0.156,22,0,0.39,6153.0,2,0,1,0,0.0,0
0.213,43,0,0.236,2748.0,10,0,1,0,1.0,0
0.122,70,0,0.63,3736.0,9,0,0,1,0.0,1
0.712,51,0,0.136,18660.0,6,1,1,0,0.0,1
0.362,38,0,1.059,,7,0,2,0,0.0,1
0.175,44,0,0.843,3958.0,10,0,2,0,1.0,0
0.054,63,1,0.57,27021.0,2,0,1,0,2.0,0
0.645,59,0,0.207,2350.0,5,0,1,0,1.0,0
0.396,48,0,0.439,3075.0,7,0,0,0,1.0,1
0.471,46,1,0.302,5027.0,13,0,1,0,2.0,1
0.215,46,2,0.552,1860.0,13,0,2,0,1.0,0
0.25,39,0,0.131,,10,0,0,0,0.0,0
0.232,74,0,0.932,6175.0,8,0,3,0,0.0,0
0.336,47,1,0.014,,7,0,0,0,0.0,0
0.469,69,0,0.512,7431.0,8,0,1,0,0.0,0
0.08,73,0,0.717,6016.0,8,0,1,0,3.0,0
0.535,65,0,0.464,4389.0,7,0,1,0,0.0,0
0.193,45,0,0.275,2331.0,13,0,2,0,2.0,0
0.566,57,1,0.117,1988.0,11,0,0,0,1.0,0
0.596,51,0,0.253,25103.0,10,0,0,0,1.0,0
0.248,39,0,0.14,2107.0,3,0,0,0,2.0,0
0.062,56,0,0.202,17829.0,5,0,2,0,1.0,0
0.65,35,0,0.015,3007.0,15,1,0,0,0.0,0
0.595,68,0,0.611,9443.0,6,0,1,0,1.0,0
0.364,45,0,0.031,7524.0,11,1,0,0,1.0,1
0.612,54,1,1.021,8654.0,8,0,1,0,1.0,1
0.283,55,0,0.505,9067.0,3,0,3,0,0.0,1
0.241,48,0,0.497,1758.0,9,0,0,0,1.0,0
0.664,60,0,0.147,3383.0,9,0,1,0,1.0,0
0.129,45,0,0.914,2085.0,13,0,0,0,1.0,0
0.387,64,0,0.212,6201.0,8,0,2,0,1.0,0
0.687,33,0,0.015,,13,1,0,0,1.0,1
0.133,53,0,0.12,1357.0,9,0,1,0,1.0,0
0.082,79,0,0.138,,6,0,1,0,0.0,0
0.384,37,0,0.234,1157.0,13,0,0,0,1.0,0
0.176,42,0,0.743,,8,0,2,0,2.0,0
0.279,59,2,0.217,2252.0,9,0,1,0,1.0,0
0.445,54,0,0.579,3016.0,9,0,1,0,0.0,0
0.698,56,0,0.721,1101.0,5,0,2,0,1.0,0
0.087,58,0,0.836,,6,0,0,0,0.0,0
0.129,60,0,0.157,1951.0,8,0,1,0,1.0,1
0.322,67,0,0.151,4210.0,6,0,1,0,3.0,0
0.038,57,0,0.046,1550.0,14,0,0,0,0.0,0
0.156,48,0,0.156,3026.0,10,0,0,0,1.0,0
0.581,61,0,0.235,18514.0,9,0,0,0,,0
0.247,78,0,0.417,6689.0,12,0,2,0,1.0,0
0.383,50,0,0.104,3273.0,8,0,0,0,3.0,0
0.151,38,0,0.44,5303.0,10,0,1,0,0.0,0
0.335,67,0,0.245,3669.0,10,0,1,0,0.0,0
0.112,50,0,0.36,5091.0,4,1,2,0,0.0,0
0.313,21,0,0.039,9143.0,10,0,0,0,1.0,0
0.478,63,1,0.414,4308.0,5,1,1,0,1.0,1
0.42,44,0,0.473,6336.0,10,0,1,0,0.0,0
0.206,50,0,0.697,6410.0,8,0,2,0,2.0,0
0.489,56,0,0.82,4323.0,4,0,0,0,1.0,0
0.405,54,0,0.508,,9,0,0,0,0.0,1
0.382,61,0,0.694,3761.0,6,0,6,0,0.0,0
0.638,45,1,0.294,8861.0,8,0,2,0,1.0,0
0.673,59,0,0.863,9393.0,7,0,0,0,1.0,0
0.481,48,1,0.546,2449.0,13,0,0,0,0.0,1
0.482,62,0,0.734,4525.0,9,1,2,0,1.0,0
0.688,60,0,0.545,3207.0,11,0,1,0,3.0,0
0.11,38,0,0.409,9509.0,11,0,3,1,2.0,0
0.122,67,1,0.758,3906.0,9,0,1,0,,0
0.494,44,0,0.154,25353.0,9,0,1,0,0.0,0
0.215,63,0,0.451,6327.0,12,0,3,0,1.0,0
0.213,57,2,0.149,12424.0,9,0,0,0,0.0,0
0.247,77,0,0.387,2670.0,7,0,1,0,0.0,0
0.285,48,0,0.218,5476.0,4,0,0,0,1.0,0
0.651,47,0,0.416,8361.0,10,0,2,0,4.0,0
0.25,51,0,0.382,2635.0,10,0,1,0,0.0,0
0.363,47,0,0.188,5510.0,9,0,0,0,1.0,0
0.315,63,0,0.201,11342.0,13,0,1,1,0.0,0
0.19,29,0,0.482,4319.0,6,0,1,1,0.0,0
0.321,37,0,0.647,,10,0,1,0,0.0,0
0.362,37,0,0.228,19189.0,9,0,0,0,1.0,0
0.118,65,0,0.467,2392.0,4,0,1,0,,0
0.589,75,1,0.468,6058.0,12,0,2,0,0.0,0
0.5,50,0,0.121,,12,0,1,0,2.0,0
0.372,49,0,0.293,2819.0,7,0,1,1,0.0,0
0.253,52,0,0.003,9129.0,7,0,0,0,0.0,0
0.263,68,0,0.68,4704.0,5,0,3,0,0.0,0
0.424,39,0,0.248,7216.0,11,0,0,0,1.0,0
0.224,55,2,0.247,1120.0,8,0,2,0,1.0,0
0.541,65,2,0.373,7725.0,7,0,1,0,0.0,0
0.206,59,2,0.8,3280.0,7,0,0,0,1.0,1
0.45,54,0,0.246,1458.0,11,0,1,0,1.0,1
0.598,66,0,1.413,20319.0,6,0,0,0,2.0,0
0.184,21,0,1.121,8273.0,8,0,0,0,0.0,1
0.507,61,1,0.638,6368.0,11,0,1,1,2.0,1
0.214,42,1,0.788,,11,0,2,0,0.0,1
0.419,26,0,0.385,6459.0,6,0,2,0,0.0,0
0.464,59,2,0.18,3106.0,8,0,0,0,2.0,0
0.15,71,2,1.081,4806.0,10,0,0,0,0.0,0
0.262,50,0,0.26,3378.0,6,0,1,0,0.0,0
0.378,65,1,0.036,3827.0,6,0,0,0,0.0,0
0.007,74,1,0.258,,13,0,2,0,0.0,0
0.325,70,0,0.534,,9,0,1,0,0.0,0
0.186,74,1,0.269,10160.0,10,0,1,0,1.0,0
0.317,62,2,0.178,6853.0,11,0,1,0,0.0,0
0.722,53,0,0.688,3820.0,14,0,1,0,1.0,0
0.333,29,0,0.335,2645.0,7,0,1,0,2.0,0
0.095,48,0,0.293,,5,0,0,0,1.0,0
0.35,40,0,0.059,1671.0,10,0,0,0,0.0,0
0.119,82,0,0.075,5935.0,10,0,0,0,3.0,0
0.342,49,0,0.447,,7,0,4,0,0.0,0
0.288,53,0,0.253,28478.0,6,0,0,0,1.0,0
0.597,59,1,0.723,2509.0,15,0,2,0,1.0,0
0.723,52,0,0.561,10226.0,12,0,1,0,1.0,0
0.328,75,0,0.106,,9,0,0,1,1.0,0
0.051,43,0,0.668,2465.0,12,0,0,0,0.0,0
0.328,54,0,0.139,,11,0,1,0,1.0,1
0.281,41,0,0.442,,11,0,4,0,1.0,0
0.349,33,0,0.762,2831.0,9,0,1,1,3.0,0
0.139,43,0,0.198,3552.0,10,0,1,1,0.0,0
0.329,51,1,0.531,3991.0,9,0,1,0,0.0,1
0.153,45,1,0.003,3236.0,9,0,0,0,0.0,0
0.105,42,1,0.334,3075.0,9,1,3,0,0.0,0
0.561,32,0,0.429,,8,0,1,0,0.0,0
0.63,50,1,0.27,5773.0,14,0,2,0,0.0,0
0.085,30,0,0.21,,11,0,2,0,0.0,0
0.283,62,0,0.62,3108.0,8,0,4,0,1.0,0
0.082,53,0,0.14,6990.0,11,0,0,0,1.0,0
0.968,31,0,0.567,14441.0,5,0,0,0,0.0,0
0.472,47,1,0.698,5522.0,9,0,1,0,0.0,0
0.028,41,0,0.634,13783.0,11,1,3,0,1.0,0
0.659,56,0,0.121,26022.0,11,0,0,0,0.0,0
0.255,70,0,0.417,31932.0,9,0,2,0,0.0,0
0.949,25,0,0.624,2364.0,8,0,2,1,1.0,1
0.704,53,0,0.125,2373.0,6,0,1,0,0.0,0
0.039,49,0,0.141,3979.0,9,0,0,0,1.0,0
0.18,61,0,0.805,,13,0,2,0,0.0,0
0.668,54,0,0.482,16492.0,14,0,3,0,0.0,0
0.312,41,0,0.343,8426.0,9,0,0,0,0.0,0
0.263,47,0,0.035,2340.0,8,0,0,0,0.0,0
0.575,40,1,0.525,,9,1,0,0,0.0,0
0.121,67,0,0.037,,5,0,0,0,1.0,0
0.202,52,1,0.792,1915.0,8,0,1,0,1.0,0
0.194,78,0,0.239,5484.0,12,0,2,0,1.0,0
0.142,51,1,0.975,2364.0,3,0,2,1,2.0,0
0.342,42,1,0.158,1710.0,13,0,0,0,1.0,1
0.007,30,1,0.443,2799.0,12,0,1,0,0.0,0
0.301,26,1,0.756,7242.0,8,0,1,0,1.0,0
0.381,29,0,0.004,7208.0,3,0,0,0,1.0,1
0.556,55,0,0.108,5812.0,9,0,0,0,2.0,1
0.297,59,0,1.136,10874.0,9,0,3,0,0.0,0
0.076,29,0,0.172,10096.0,7,0,0,0,1.0,0
0.318,64,0,0.429,6267.0,7,0,0,0,0.0,0
0.212,45,0,0.153,,3,0,1,1,0.0,0
0.489,54,2,0.397,5947.0,12,0,0,0,1.0,0
0.538,74,0,0.127,,8,0,1,0,1.0,0
0.766,64,0,0.742,1186.0,4,0,3,0,0.0,0
0.359,48,0,0.237,12026.0,16,0,1,0,1.0,0
0.757,39,0,0.319,7174.0,5,0,1,0,0.0,0
0.109,21,1,0.264,2318.0,10,0,2,0,0.0,0
0.29,41,0,0.546,14757.0,7,0,2,0,0.0,0
0.058,49,0,0.344,3594.0,5,0,2,0,1.0,0
0.283,38,0,0.169,5037.0,9,0,0,0,0.0,0
0.487,50,0,0.47,,8,1,1,0,1.0,1
0.294,53,1,0.169,6337.0,14,0,1,0,1.0,0
0.557,48,0,0.769,13832.0,6,0,1,1,1.0,1
0.373,42,0,0.571,4245.0,6,0,1,0,,0
0.267,54,0,0.302,17744.0,8,0,0,0,2.0,0
0.653,58,0,0.048,3151.0,3,0,0,0,0.0,0
0.36,36,0,0.507,13661.0,5,0,1,0,1.0,0
0.2,71,0,0.206,,11,0,2,0,0.0,0
0.112,50,1,0.571,2515.0,7,0,0,0,1.0,0
0.046,52,0,0.127,6691.0,10,0,0,0,0.0,0
0.218,61,1,0.144,4104.0,8,0,1,0,,0
0.965,55,1,0.063,5155.0,9,0,0,0,0.0,0
0.642,65,0,1.155,5592.0,12,0,0,0,1.0,0
0.361,56,1,0.82,2360.0,13,0,3,0,2.0,1
0.785,43,0,0.095,2487.0,5,0,0,0,1.0,0
0.157,57,0,1.158,6390.0,13,0,0,0,0.0,0
0.435,35,0,0.153,3407.0,7,0,1,0,0.0,1
0.143,53,0,0.563,13887.0,9,0,1,0,0.0,0
0.136,51,0,0.474,4749.0,9,0,1,0,0.0,0
0.685,49,0,0.803,8983.0,6,0,2,0,1.0,0
0.315,50,0,0.268,7406.0,7,1,1,0,2.0,0
0.604,25,0,0.28,3566.0,13,0,1,0,3.0,0
0.389,44,0,0.343,1358.0,4,0,0,0,1.0,0
0.504,53,1,0.278,12450.0,9,0,1,1,0.0,0
0.373,54,0,0.215,2737.0,11,0,2,0,1.0,0
0.256,37,1,0.458,4094.0,8,0,0,0,2.0,0
0.796,69,1,0.558,4887.0,8,0,2,0,0.0,0
0.171,39,0,0.193,5241.0,10,0,0,0,0.0,0
0.612,65,0,0.226,,6,0,1,0,1.0,0
0.264,57,1,0.135,5454.0,5,0,0,0,0.0,0
0.269,42,0,0.673,4968.0,8,0,2,0,0.0,0
0.14,76,0,0.557,11080.0,13,0,1,0,0.0,0
0.415,35,0,0.598,8271.0,9,0,0,0,1.0,0
0.034,64,0,0.603,3246.0,6,0,1,0,2.0,0
0.192,66,2,0.697,,7,1,2,0,2.0,1
0.109,42,1,0.202,3052.0,8,0,1,0,0.0,1
0.926,71,2,0.338,5248.0,15,0,3,0,1.0,0
0.672,48,0,0.502,2271.0,8,0,0,0,1.0,0
0.425,56,0,0.036,5788.0,7,1,0,1,0.0,1
0.032,55,0,1.508,4962.0,5,1,1,0,1.0,0
0.14,50,0,0.728,916.0,7,0,0,0,0.0,0
0.1,63,0,0.367,,6,0,1,0,1.0,0
0.685,63,0,0.252,721.0,14,0,1,0,1.0,0
0.619,27,0,0.362,4270.0,10,0,1,0,0.0,1
0.38,70,0,0.564,11520.0,3,0,1,0,0.0,0
0.24,28,1,0.594,,13,0,1,0,1.0,0
0.337,66,0,0.127,2153.0,5,0,1,0,2.0,0
0.211,67,0,0.572,4843.0,8,0,0,0,0.0,0
0.466,36,0,0.459,2580.0,6,0,1,0,2.0,1
0.185,46,0,0.014,2571.0,9,0,0,0,0.0,0
0.177,36,0,0.531,7936.0,9,0,4,0,1.0,0
0.412,48,0,0.45,3841.0,6,0,2,0,1.0,0
0.192,47,1,0.173,1918.0,11,0,1,0,0.0,1
0.164,62,0,0.059,,14,0,0,0,2.0,0
0.015,70,1,0.205,25486.0,8,0,2,0,2.0,0
0.118,71,0,0.849,11966.0,8,0,0,0,1.0,0
0.343,44,0,0.12,3959.0,10,0,1,0,0.0,0
0.599,49,1,0.36,5776.0,8,0,2,0,0.0,0
0.209,28,0,0.181,3858.0,5,0,1,0,1.0,0
0.252,40,0,0.573,7765.0,12,0,1,0,0.0,0
0.183,65,1,0.83,2987.0,8,0,4,0,,0
0.315,74,1,0.674,,9,0,1,0,0.0,0
0.618,34,0,0.436,,8,0,1,0,1.0,0
0.549,43,0,0.513,15028.0,9,0,2,0,1.0,0
0.467,51,0,0.183,9127.0,3,0,0,0,1.0,0
0.438,55,0,0.454,12884.0,5,0,1,0,0.0,0
0.628,40,0,0.043,4365.0,6,0,0,0,1.0,0
0.122,57,0,0.404,3512.0,10,0,0,0,0.0,0
0.43,45,0,0.338,1398.0,13,0,3,0,0.0,0
0.156,51,0,0.793,5713.0,4,0,1,0,1.0,1
0.096,59,0,0.247,7082.0,12,0,0,0,0.0,0
0.32,52,0,0.365,4403.0,6,0,1,0,0.0,0
0.263,45,0,0.408,3154.0,10,0,1,0,1.0,0
0.118,50,0,0.524,12970.0,11,0,0,0,0.0,0
0.429,50,0,0.328,8453.0,3,0,1,1,1.0,0
0.541,46,0,0.395,13616.0,10,0,2,0,0.0,0
0.131,48,0,0.219,2786.0,10,0,1,0,0.0,0
0.451,74,0,0.348,,6,0,3,1,,0
0.28,59,1,0.274,12610.0,2,1,2,0,1.0,0
0.135,47,1,0.2,,10,0,2,1,2.0,1
0.13,61,0,0.913,3647.0,1,0,2,0,1.0,0
0.489,47,0,0.507,,14,0,0,0,1.0,0
0.136,68,0,0.286,5390.0,15,0,2,1,0.0,0
0.389,57,0,0.001,10961.0,10,1,0,0,0.0,0
0.179,50,1,0.337,4854.0,11,0,1,0,0.0,0
0.322,58,0,0.186,9446.0,8,0,0,0,1.0,0
0.256,30,0,0.724,7534.0,11,0,2,0,2.0,0
0.119,36,0,0.38,2937.0,9,0,2,0,0.0,0
0.207,35,1,0.699,,14,0,0,0,1.0,0
0.22,54,1,0.135,3963.0,6,0,1,0,0.0,0
0.308,76,0,0.559,2131.0,10,0,4,0,0.0,0
0.729,83,0,1.051,3790.0,9,0,1,0,0.0,0
0.05,60,0,0.204,15668.0,12,1,2,0,1.0,0
0.842,59,0,0.173,5314.0,13,0,0,0,1.0,0
0.677,26,0,0.205,3176.0,5,0,1,0,2.0,0
0.468,44,1,0.466,20765.0,14,0,2,0,0.0,0
0.057,40,0,0.114,,9,0,0,0,3.0,0
0.091,43,0,0.914,2770.0,8,0,2,0,1.0,0
0.327,49,0,1.168,12844.0,12,0,2,0,1.0,0
0.218,45,0,0.962,8629.0,10,1,3,0,1.0,0
0.148,24,0,0.178,4959.0,8,0,0,0,2.0,0
0.355,62,0,1.609,9724.0,8,0,0,0,2.0,0
0.1,36,0,0.665,6704.0,10,0,2,0,0.0,0
0.397,55,0,0.154,2368.0,6,0,0,0,0.0,0
0.772,81,0,0.034,1014.0,5,0,0,1,0.0,0
0.338,39,0,0.585,3651.0,9,0,2,0,1.0,0
0.865,21,0,0.456,,11,0,0,0,1.0,0
0.03,47,0,0.046,4024.0,9,0,0,0,0.0,0
0.332,67,0,0.379,7496.0,10,0,1,0,0.0,0
0.242,79,0,1.622,6180.0,5,0,1,0,0.0,0
0.437,34,0,0.138,1660.0,7,0,0,0,1.0,0
0.226,58,0,0.326,4087.0,15,0,2,0,0.0,0
0.279,45,0,1.018,6983.0,13,0,2,0,2.0,0
0.24,50,0,0.044,3131.0,8,0,0,0,6.0,1
0.343,89,2,1.049,,9,0,1,0,0.0,0
0.108,30,0,0.729,7145.0,11,0,2,0,1.0,0
0.187,55,0,0.273,5715.0,7,0,1,0,1.0,0
0.393,58,0,0.031,11303.0,12,0,0,0,0.0,0
0.205,67,0,0.007,7105.0,9,0,0,0,1.0,0
1.238,53,1,0.365,2782.0,11,0,2,0,1.0,0
0.145,56,0,0.528,3888.0,9,0,1,0,2.0,0
0.22,46,0,0.234,5509.0,9,0,0,0,0.0,0
0.07,55,0,0.47,13862.0,2,0,0,0,2.0,0
0.172,47,1,0.389,,6,0,0,0,0.0,1
0.23,60,0,0.298,1615.0,6,1,0,0,4.0,1
0.225,46,0,1.499,7394.0,8,1,3,0,0.0,0
0.389,57,0,0.656,3201.0,9,0,2,0,1.0,0
0.69,51,0,0.861,2209.0,4,0,0,1,0.0,1
0.637,67,0,0.397,5504.0,5,0,3,0,1.0,0
0.976,51,0,0.538,10732.0,12,0,1,0,1.0,0
0.809,27,0,0.419,3635.0,17,1,1,1,1.0,1
0.986,69,0,0.903,7689.0,13,0,0,0,1.0,0
0.106,39,0,0.35,8755.0,14,0,1,0,0.0,0
0.4,42,0,0.115,9455.0,13,0,0,0,1.0,0
0.233,43,1,0.27,3253.0,12,0,1,1,0.0,0
0.149,71,1,0.186,2478.0,9,0,1,0,0.0,1
0.137,22,0,0.187,2726.0,9,0,1,1,0.0,0
0.386,95,0,0.222,9449.0,14,0,0,0,0.0,0
0.247,66,0,0.881,8666.0,10,1,1,0,1.0,0
0.398,55,0,0.075,2779.0,8,0,0,0,1.0,0
0.457,51,0,0.219,,11,0,1,0,2.0,0
0.145,55,0,0.671,2557.0,11,0,0,1,0.0,0
0.119,59,0,0.345,10934.0,12,0,2,0,1.0,0
0.478,61,1,1.248,15737.0,9,0,1,0,1.0,0
0.316,59,1,0.21,,9,0,1,0,0.0,0
0.65,53,0,0.204,3169.0,7,0,0,0,0.0,0
0.145,49,0,0.135,3218.0,3,0,1,1,0.0,0
0.472,49,0,1.798,4521.0,9,0,1,0,3.0,0
0.354,49,0,0.773,11575.0,9,0,0,0,1.0,0
0.244,67,0,0.795,2345.0,11,0,2,0,0.0,0
0.233,60,0,0.06,1499.0,10,0,0,0,3.0,0
0.51,21,0,1.22,6998.0,13,0,0,0,2.0,0
0.165,61,0,0.927,8161.0,11,0,0,0,0.0,0
0.827,54,1,0.4,21538.0,4,0,2,0,0.0,0
0.212,51,1,0.601,2064.0,9,0,2,0,,0
0.487,46,0,1.811,4943.0,5,0,1,1,1.0,1
0.681,67,0,0.285,12250.0,2,0,1,0,2.0,0
0.317,65,0,0.142,5911.0,10,0,1,0,0.0,0
0.136,41,0,0.708,4737.0,16,0,0,1,1.0,0
0.058,57,0,0.227,9442.0,6,0,0,0,0.0,0
0.139,38,0,1.519,3570.0,9,0,0,0,1.0,0
0.353,32,0,0.38,,13,0,1,0,1.0,0
0.149,43,0,0.11,2259.0,8,1,1,0,,1
0.859,64,1,0.337,1875.0,7,0,1,0,0.0,0
0.167,65,0,0.643,4485.0,9,0,2,0,0.0,0
0.915,59,0,0.109,903.0,11,0,1,1,0.0,0
0.312,62,0,0.187,5763.0,11,0,0,0,0.0,0
0.741,59,1,0.159,1615.0,8,0,1,0,0.0,0
0.138,43,0,0.461,6619.0,6,0,1,0,1.0,0
0.226,58,1,1.104,6185.0,11,2,0,1,1.0,1
0.503,63,1,0.343,5179.0,14,0,0,0,1.0,0
0.155,62,0,0.415,,6,0,0,0,1.0,0
0.285,68,0,0.277,6266.0,10,0,1,0,0.0,0
0.244,61,0,0.39,4424.0,13,0,1,0,0.0,0
0.131,56,0,0.475,19569.0,7,0,2,0,1.0,0
0.43,66,1,0.499,7153.0,10,0,0,0,0.0,0
0.236,51,0,0.781,9324.0,11,0,1,0,0.0,0
0.135,39,0,0.381,,5,0,0,0,0.0,0
0.472,49,2,1.366,8671.0,8,0,0,0,2.0,0
0.072,41,2,0.717,23017.0,13,0,1,0,0.0,1
0.039,42,0,0.247,6101.0,6,0,2,0,2.0,0
0.583,49,0,0.248,5405.0,3,0,0,0,1.0,0
0.175,40,0,0.817,3447.0,8,0,0,0,0.0,1
0.739,47,0,1.108,4540.0,10,0,1,0,1.0,0
0.427,25,1,0.367,3256.0,8,0,2,0,2.0,0
0.567,54,2,0.753,8726.0,5,0,3,0,0.0,0
0.165,52,0,0.385,2868.0,6,0,2,0,1.0,0
0.425,40,0,0.146,5720.0,11,1,1,1,2.0,1
0.18,61,1,0.756,8036.0,10,0,0,0,,0
0.531,65,0,0.941,6034.0,7,0,0,0,1.0,0
0.128,29,0,0.246,2901.0,15,0,0,0,2.0,0
0.3,41,0,0.006,,7,0,0,0,0.0,0
0.076,41,0,0.693,5117.0,7,0,1,0,0.0,1
0.373,38,0,0.427,727.0,10,0,2,1,0.0,0
0.102,63,1,0.127,2729.0,11,0,1,0,1.0,0
0.15,49,0,0.173,14484.0,3,0,1,0,0.0,0
0.199,48,0,0.158,15352.0,9,1,1,0,2.0,0
0.081,23,0,0.606,7850.0,14,0,2,0,0.0,0
0.363,60,0,0.125,,14,0,0,1,2.0,0
0.756,34,0,0.148,3150.0,13,0,1,0,1.0,0
0.237,52,0,0.974,4527.0,6,0,1,0,2.0,1
0.699,55,0,1.097,12897.0,6,0,0,0,2.0,0
0.314,71,1,0.052,7318.0,9,0,0,0,1.0,0
0.369,33,0,0.092,5684.0,9,0,0,0,0.0,0
0.216,21,0,0.314,4766.0,5,0,0,0,0.0,0
0.325,54,0,0.057,12359.0,6,0,0,1,0.0,0
0.469,77,1,0.06,11913.0,6,1,0,0,1.0,1
0.649,69,0,0.144,8559.0,14,1,0,0,1.0,0
0.658,54,0,1.243,,7,0,2,0,1.0,0
0.928,45,0,1.149,4231.0,7,0,0,0,0.0,0
0.646,63,0,0.845,8823.0,8,0,2,0,1.0,0
0.08,38,0,0.516,,8,0,1,0,2.0,0
0.744,58,0,0.646,,13,0,2,0,,0
0.439,59,0,0.322,1967.0,7,0,1,0,3.0,0
0.353,66,0,0.364,12896.0,6,0,1,0,2.0,0
0.132,90,0,0.452,3280.0,9,0,1,0,0.0,0
0.089,57,0,0.66,,13,0,2,0,1.0,0
0.442,44,0,0.036,4975.0,10,1,0,0,0.0,0
0.784,51,0,0.089,41286.0,8,0,0,0,0.0,0
0.621,27,0,1.353,7401.0,4,0,2,0,0.0,1
0.564,42,0,0.243,1475.0,6,0,1,0,0.0,0
0.167,46,1,0.209,12367.0,6,0,1,0,2.0,0
0.587,44,1,0.492,4142.0,9,0,3,0,1.0,0
0.561,54,1,0.22,4719.0,10,0,1,0,1.0,0
0.43,40,0,0.033,3392.0,11,0,0,0,0.0,0
0.148,67,1,0.082,6229.0,12,0,0,1,1.0,0
0.054,52,1,0.358,6172.0,7,0,0,0,0.0,0
0.221,51,0,0.188,3457.0,8,0,1,1,1.0,0
0.152,47,1,0.465,3806.0,13,0,1,1,0.0,1
0.416,54,1,0.037,5831.0,10,0,0,1,1.0,1
0.132,63,0,0.015,1054.0,9,0,0,0,0.0,0
0.056,39,0,0.692,1980.0,6,0,0,0,0.0,0
0.125,42,0,0.7,17483.0,14,0,2,0,,0
0.53,47,0,0.484,6833.0,13,0,1,1,0.0,0
0.261,33,0,0.011,3761.0,5,0,0,0,1.0,0
0.489,40,0,0.196,1657.0,9,0,1,0,1.0,0
0.686,45,0,0.786,5222.0,4,0,2,0,0.0,0
0.447,64,0,0.155,10825.0,7,0,1,0,1.0,0
0.223,55,1,0.587,34456.0,14,0,0,0,0.0,0
0.389,54,2,0.407,20423.0,11,0,1,1,2.0,1
0.013,63,0,0.572,2919.0,13,0,1,0,1.0,0
0.475,50,0,0.362,3839.0,10,0,0,0,1.0,0
0.345,57,1,0.189,1939.0,5,1,0,0,0.0,0
0.344,50,0,0.321,3013.0,7,0,2,0,2.0,1
0.176,55,0,0.491,4680.0,8,0,1,0,2.0,0
0.318,43,1,0.576,4201.0,10,1,0,0,0.0,1
0.413,21,0,0.016,22884.0,13,0,0,0,0.0,0
0.315,50,1,0.367,2163.0,4,0,2,0,0.0,0
0.401,71,0,0.151,,10,0,0,0,1.0,0
0.316,64,0,0.587,1281.0,9,0,3,0,1.0,0
0.962,65,1,0.242,6847.0,9,0,2,0,0.0,0
0.17,69,2,1.048,,9,0,1,0,0.0,0
0.451,53,0,0.278,11753.0,5,0,0,0,0.0,0
0.532,54,0,1.201,4431.0,15,0,3,0,1.0,0
0.178,43,0,0.694,2036.0,11,0,1,0,0.0,0
0.316,47,0,0.074,1247.0,7,0,0,0,0.0,0
0.455,60,0,0.15,2738.0,11,0,1,0,1.0,0
0.087,68,0,0.691,6423.0,7,0,0,0,0.0,0
0.488,50,0,0.369,7296.0,9,0,1,0,0.0,0
0.077,45,0,0.307,3832.0,3,0,3,0,1.0,0
0.939,52,0,0.953,10384.0,9,0,0,0,1.0,0
0.167,60,0,0.424,,10,0,2,0,0.0,1
0.161,31,1,0.225,700.0,10,0,1,0,0.0,0
0.257,21,1,0.254,6620.0,10,0,0,0,1.0,0
0.681,44,0,0.806,,8,0,2,0,2.0,1
0.591,34,0,0.241,13488.0,11,0,2,1,0.0,0
0.234,44,1,0.256,2187.0,8,0,1,0,1.0,0
0.097,49,1,0.234,3710.0,11,0,1,0,2.0,0
0.265,45,0,0.741,9015.0,12,0,1,0,1.0,0
0.713,72,0,0.628,3502.0,6,0,1,1,0.0,1
0.166,56,1,0.279,5847.0,7,0,1,0,1.0,0
0.271,56,1,0.482,,13,0,1,1,0.0,1
0.176,60,1,0.276,2534.0,13,1,1,0,0.0,1
0.359,36,1,0.596,2900.0,4,0,3,0,0.0,0
0.057,66,0,1.657,10604.0,9,0,0,0,0.0,0
0.836,50,0,0.268,5484.0,8,1,0,0,1.0,1
0.728,61,1,1.865,13231.0,5,0,3,0,1.0,0
0.247,36,1,0.681,7819.0,5,0,2,0,0.0,0
0.038,30,0,0.045,16723.0,6,0,0,0,0.0,0
0.235,63,0,0.656,9630.0,14,0,1,0,1.0,0
0.07,57,1,0.162,9242.0,7,0,1,0,0.0,0
0.195,39,0,0.566,4992.0,12,0,3,0,0.0,0
0.052,39,0,0.332,44643.0,8,0,0,0,0.0,0
0.129,67,0,1.08,5878.0,8,0,3,0,1.0,0
0.177,35,0,0.083,1365.0,10,0,0,0,3.0,0
0.042,74,0,0.73,,6,0,0,0,0.0,0
0.094,39,0,0.954,2731.0,10,0,0,0,3.0,1
0.187,60,0,0.233,11069.0,6,0,2,0,0.0,0
0.448,47,0,1.058,9028.0,8,0,3,0,1.0,0
0.507,60,2,0.105,4750.0,7,0,0,0,0.0,1
0.508,44,0,0.23,2917.0,5,0,2,0,1.0,0
0.791,49,0,1.514,,8,0,4,0,0.0,0
0.225,52,0,0.174,3467.0,8,0,0,1,0.0,0
0.812,37,2,0.341,9428.0,6,0,0,0,0.0,0
0.536,62,0,0.282,8016.0,7,0,0,0,0.0,0
0.167,44,1,0.084,42412.0,11,0,0,0,2.0,0
0.278,48,0,0.488,3978.0,5,0,1,0,,0
0.084,38,0,0.217,4392.0,11,0,2,0,1.0,0
0.089,21,1,0.179,4874.0,6,0,1,0,0.0,0
0.292,49,0,1.113,5026.0,9,0,1,0,0.0,0
0.269,85,0,1.174,,9,0,1,0,0.0,0
0.411,62,0,0.231,4476.0,5,0,0,0,0.0,0
0.011,51,0,0.065,21605.0,9,0,0,0,1.0,0
0.125,48,0,0.392,8165.0,15,0,2,0,,0
0.455,52,0,0.734,3866.0,6,0,0,0,1.0,0
0.264,59,0,0.126,3233.0,11,0,1,1,0.0,0
0.02,35,0,0.248,11255.0,9,0,2,0,2.0,0
0.818,67,1,0.791,,15,0,0,0,0.0,0
0.669,62,1,0.288,5466.0,5,0,1,0,0.0,0
0.234,62,0,0.231,3573.0,10,0,2,0,1.0,0
0.17,58,0,0.052,5203.0,14,0,0,0,2.0,0
0.565,52,0,0.849,3473.0,8,0,1,0,1.0,0
0.532,61,0,0.336,14090.0,7,0,1,0,1.0,0
0.511,60,0,0.062,8973.0,6,0,0,0,0.0,0
0.581,47,0,0.886,4806.0,8,1,1,0,1.0,1
0.358,43,2,0.653,4757.0,13,0,0,0,1.0,1
0.215,53,0,0.008,5794.0,9,0,0,0,,0
0.293,73,0,0.504,,7,0,2,0,0.0,0
0.185,34,0,0.198,,8,0,1,0,2.0,0
0.301,31,1,0.267,1436.0,12,0,0,0,1.0,0
0.25,54,1,0.315,3108.0,8,0,2,0,2.0,0
0.031,52,1,0.133,4964.0,10,1,0,0,2.0,1
0.121,54,0,0.322,3241.0,4,0,0,0,1.0,0
0.476,55,0,0.371,9639.0,9,0,1,1,2.0,0
0.325,48,0,0.176,4627.0,15,0,0,0,1.0,0
0.127,72,0,0.04,20161.0,3,0,0,1,0.0,0
0.212,29,0,1.321,3666.0,12,0,1,0,1.0,0
0.612,40,1,0.067,,14,0,0,0,0.0,0
0.048,50,0,0.451,4437.0,8,0,1,0,1.0,0
0.574,28,0,0.13,7390.0,5,0,1,0,1.0,0
0.285,49,1,0.408,11453.0,5,0,0,0,1.0,0
0.101,75,0,0.035,8315.0,7,0,0,0,2.0,0
0.177,52,1,0.291,1311.0,7,0,2,0,0.0,0
0.559,55,0,0.364,,11,0,0,0,0.0,0
1.038,34,0,0.116,2677.0,12,0,0,1,0.0,1
0.165,43,0,0.566,,3,0,3,0,1.0,0
0.655,46,0,0.047,8800.0,12,0,0,0,1.0,0
0.731,47,1,0.179,2480.0,9,0,1,0,1.0,0
0.346,69,1,0.563,12200.0,12,0,1,0,0.0,0
0.29,59,0,0.013,,8,1,0,0,,0
0.143,36,1,0.041,,9,0,0,0,3.0,0
0.243,55,0,0.185,5699.0,3,0,1,0,0.0,0
0.168,58,0,0.307,17921.0,7,0,3,1,1.0,0
0.386,67,0,0.135,12561.0,10,0,1,0,1.0,0
0.27,74,0,0.216,3541.0,8,0,1,0,1.0,0
0.451,37,0,0.034,2184.0,7,0,0,0,1.0,0
0.473,40,0,0.704,5881.0,12,1,0,1,2.0,1
0.316,34,1,0.224,,15,0,2,0,0.0,0
0.234,48,0,0.791,16413.0,5,0,1,1,,0
0.533,58,0,0.606,4570.0,6,0,0,0,3.0,0
0.616,65,0,0.137,4402.0,7,1,1,0,1.0,1
1.192,50,0,0.009,2044.0,9,0,0,0,0.0,1
0.859,47,0,0.318,,6,0,3,0,0.0,0
0.581,54,0,0.312,2388.0,9,0,0,0,0.0,0
0.677,40,0,0.388,,8,0,0,0,1.0,0
1.059,81,0,0.439,,11,0,1,0,0.0,0
0.759,29,0,0.273,,9,0,0,0,0.0,0
0.233,54,0,0.067,10611.0,15,0,0,0,1.0,0
0.352,80,0,0.743,4481.0,6,0,1,0,0.0,0
0.348,52,0,0.139,1939.0,6,0,0,0,1.0,0
0.117,49,0,1.599,16022.0,7,0,1,1,2.0,1
0.08,46,0,0.17,2846.0,8,0,0,1,0.0,0
0.42,49,0,0.107,7746.0,10,0,0,0,1.0,0
0.312,71,1,0.886,7318.0,7,0,1,0,1.0,0
0.078,21,0,0.293,7133.0,9,0,0,0,0.0,0
0.124,73,0,0.448,7047.0,8,0,0,1,2.0,0
0.076,32,0,0.284,2754.0,8,0,1,0,0.0,0
0.608,48,0,0.963,17747.0,17,0,2,0,1.0,1
0.454,45,0,0.874,10608.0,9,0,0,0,0.0,0
0.455,60,0,0.501,7574.0,8,0,3,0,1.0,0
0.487,29,0,0.096,2136.0,7,0,0,0,0.0,1
0.263,58,0,0.465,2738.0,9,0,1,0,1.0,0
0.099,80,1,1.182,8606.0,3,0,1,0,2.0,0
0.562,32,0,0.341,1336.0,10,0,0,0,0.0,0
0.304,54,0,1.079,6885.0,8,0,0,0,1.0,0
0.881,42,2,0.147,,8,0,0,0,1.0,0
0.473,57,0,1.063,2958.0,4,0,2,1,1.0,1
0.121,52,0,0.142,2023.0,4,0,1,0,2.0,0
0.601,43,0,0.156,,10,0,0,0,0.0,0
0.285,58,0,0.239,11866.0,5,0,0,0,0.0,0
0.327,77,0,0.371,6930.0,8,0,0,0,0.0,0
0.45,49,1,0.322,7484.0,10,0,2,0,2.0,0
0.197,62,0,1.003,6109.0,9,0,1,0,1.0,1
0.025,33,0,0.818,8759.0,6,0,0,0,1.0,0
0.402,38,0,0.562,7532.0,8,0,0,0,2.0,0
0.261,58,0,0.143,812.0,10,0,1,0,3.0,0
0.111,72,0,0.029,10244.0,8,0,0,0,1.0,0
0.355,56,0,0.341,9517.0,5,0,1,1,,0
0.792,47,0,0.507,4215.0,14,0,0,0,3.0,0
0.307,51,1,0.246,1364.0,8,0,2,0,,0
0.394,34,0,0.459,6436.0,5,0,1,0,0.0,0
0.342,60,0,0.463,6827.0,6,0,2,0,0.0,0
0.608,64,0,0.453,3990.0,7,0,0,0,1.0,1
0.738,45,0,0.3,6190.0,9,0,1,0,2.0,0
0.206,45,1,0.414,11502.0,11,0,0,0,1.0,0
0.309,55,1,0.161,29093.0,4,0,1,0,3.0,0
0.153,45,0,0.085,6020.0,10,0,0,0,0.0,0
0.059,51,0,1.018,,9,0,2,0,1.0,1
0.121,81,1,0.34,3051.0,11,0,2,0,0.0,0
0.409,48,0,1.582,3824.0,13,0,1,0,1.0,0
0.146,46,1,0.117,4938.0,10,0,1,0,1.0,1
0.339,42,1,0.24,12387.0,7,0,0,0,2.0,0
0.1,62,0,0.538,9636.0,4,0,4,0,2.0,0
0.391,49,0,2.229,,13,0,3,0,1.0,0
0.302,42,0,1.713,1914.0,7,0,1,0,1.0,0
0.189,70,1,0.094,,4,0,0,0,2.0,0
0.171,71,0,0.209,11748.0,10,0,1,0,0.0,0
0.204,43,0,0.485,14976.0,11,0,0,0,1.0,0
0.433,25,0,1.172,,11,0,4,0,0.0,1
0.27,66,0,0.381,238.0,12,0,0,0,0.0,0
0.225,42,0,0.7,3228.0,8,0,0,0,0.0,0
0.826,63,0,0.123,6869.0,6,0,1,1,0.0,1
0.178,24,1,0.458,,3,0,1,0,0.0,0
0.126,64,2,0.422,6183.0,14,0,0,0,2.0,0
0.278,35,0,0.174,20517.0,9,0,1,0,1.0,0
0.117,62,1,0.627,14740.0,8,0,1,0,1.0,0
0.335,52,0,1.111,9568.0,10,0,1,0,0.0,0
0.198,38,1,0.899,5192.0,7,0,1,0,3.0,0
0.651,46,0,0.098,3842.0,10,0,0,1,,0
0.293,61,0,0.437,9232.0,5,0,3,1,0.0,0
0.239,53,0,0.342,5529.0,6,0,1,0,1.0,0
0.488,60,0,0.06,5663.0,11,0,0,0,0.0,0
0.025,79,1,1.177,,11,0,1,0,2.0,0
0.158,30,0,0.262,3294.0,4,0,2,0,0.0,0
0.446,74,0,0.502,9194.0,6,0,0,0,2.0,0
0.192,53,0,0.246,2513.0,4,0,1,0,0.0,0
0.335,39,0,0.598,6542.0,14,0,3,0,1.0,0
0.259,33,0,0.117,7250.0,8,0,1,0,0.0,0
0.748,49,0,0.18,7552.0,13,0,1,0,0.0,0
0.352,64,0,0.306,8040.0,9,0,1,0,0.0,0
0.062,50,0,0.496,,11,0,1,0,3.0,0
0.24,73,0,0.726,3510.0,12,0,2,0,0.0,0
0.1,31,1,0.011,,8,0,0,0,1.0,0
0.315,51,0,0.258,,8,0,2,0,1.0,0
0.313,34,1,0.758,9054.0,4,0,3,0,2.0,0
0.297,57,1,0.687,2344.0,7,0,1,0,2.0,0
0.686,64,0,0.294,2622.0,9,0,2,0,1.0,1
0.095,46,0,0.191,2612.0,7,0,1,0,1.0,0
0.32,21,0,0.132,,7,0,1,0,1.0,0
0.154,54,0,0.057,2434.0,10,0,0,0,0.0,0
0.339,58,0,0.103,10941.0,5,0,1,0,2.0,0
0.309,57,0,0.612,3289.0,6,1,3,0,1.0,0
0.266,69,0,1.02,1597.0,8,0,2,0,0.0,0
0.22,37,0,0.257,3797.0,11,0,2,0,1.0,0
0.381,61,0,0.487,7765.0,7,0,0,0,0.0,0
0.301,68,0,0.298,1508.0,9,0,0,0,1.0,0
0.621,27,0,1.184,,7,0,2,0,2.0,1
0.16,56,0,0.76,1981.0,12,0,2,0,1.0,0
0.686,44,0,0.77,4118.0,10,0,1,0,1.0,0
0.566,50,1,0.357,4081.0,8,0,0,0,0.0,0
0.132,56,0,0.784,3666.0,7,0,2,0,0.0,1
0.335,45,0,0.151,5191.0,5,0,0,0,1.0,0
0.172,42,0,0.082,,7,0,0,0,2.0,0
0.514,52,1,0.853,5279.0,10,0,0,0,2.0,0
0.144,36,0,0.564,3555.0,11,0,1,0,0.0,0
0.102,36,1,0.133,7481.0,4,0,1,0,0.0,0
0.514,61,0,1.006,6280.0,8,0,3,0,0.0,0
0.519,35,0,0.15,3399.0,12,0,0,0,1.0,0
0.178,61,0,0.324,5595.0,8,0,2,1,1.0,0
0.209,58,0,0.342,3208.0,11,1,0,0,0.0,0
0.37,27,0,0.494,,9,0,2,0,2.0,0
0.649,42,0,0.27,9548.0,7,0,0,0,0.0,1
0.743,68,0,0.403,7427.0,9,0,3,0,1.0,0
0.8,38,1,1.325,9314.0,8,0,2,1,1.0,1
0.179,45,0,1.049,8473.0,10,0,0,0,0.0,0
0.353,58,0,0.201,2919.0,5,0,2,0,0.0,0
0.438,62,0,0.444,10948.0,7,0,3,1,2.0,0
0.521,48,0,0.216,4410.0,6,0,2,0,0.0,0
0.376,43,0,0.765,,10,0,1,0,0.0,0
0.493,71,0,0.862,4976.0,6,0,1,0,0.0,0
0.287,76,1,0.256,6763.0,11,0,0,1,0.0,0
0.385,65,0,0.841,6907.0,9,0,2,0,0.0,0
0.363,53,0,0.525,9597.0,8,1,1,0,0.0,1
0.245,40,0,0.242,1730.0,6,0,0,0,2.0,0
0.567,40,0,0.258,1802.0,10,0,1,0,0.0,0
0.194,59,0,0.108,8692.0,11,0,0,0,0.0,0
0.213,57,0,0.105,,12,0,0,0,0.0,0
0.419,71,0,0.289,3156.0,7,1,0,0,1.0,1
0.445,61,0,0.064,7009.0,8,0,0,0,0.0,0
0.065,30,0,0.167,2027.0,9,0,1,1,1.0,0
0.619,66,1,0.004,53370.0,12,2,0,0,2.0,1
0.068,38,0,0.333,13604.0,0,0,0,0,0.0,0
0.042,46,1,2.011,,8,0,2,0,0.0,1
0.465,55,0,0.77,5727.0,12,0,0,0,1.0,0
0.271,79,0,0.628,,9,0,2,0,1.0,0
0.681,95,0,0.639,2171.0,4,0,1,0,0.0,0
0.881,60,1,0.189,5016.0,4,0,0,0,2.0,0
0.657,49,0,0.124,2976.0,8,0,0,0,0.0,0
0.266,59,1,0.161,3099.0,12,0,0,0,1.0,0
0.363,64,1,0.13,2015.0,9,0,1,1,2.0,1
0.648,47,1,0.552,,12,0,2,0,0.0,0
0.211,77,0,0.167,,8,0,1,0,0.0,0
0.123,55,0,0.604,7899.0,9,0,1,0,0.0,1
0.487,58,0,0.274,7480.0,14,0,2,0,1.0,0
0.161,61,0,0.091,6378.0,11,0,0,0,0.0,0
0.295,57,0,1.104,,9,0,0,0,2.0,0
0.15,63,0,0.139,9668.0,3,0,1,0,0.0,0
0.515,43,1,0.242,2248.0,7,1,0,0,0.0,1
0.046,44,0,0.223,7488.0,6,1,2,0,2.0,0
0.239,36,0,0.233,5230.0,9,0,2,0,0.0,0
0.302,58,0,0.451,2124.0,7,0,1,0,0.0,1
0.069,62,0,0.849,2008.0,8,0,5,0,0.0,0
0.168,58,0,0.075,,5,0,0,0,1.0,0
0.431,75,0,0.721,8851.0,15,0,0,0,2.0,0
0.253,51,1,0.424,2611.0,8,0,0,0,0.0,0
0.535,61,1,0.225,10712.0,4,0,1,0,1.0,0
0.162,36,1,0.1,6631.0,12,0,0,0,0.0,0
0.332,46,1,0.891,,6,0,4,0,1.0,0
0.253,61,0,0.763,11646.0,8,0,3,0,0.0,0
0.141,63,0,0.256,4861.0,7,0,2,0,2.0,0
0.241,47,0,0.45,17067.0,3,0,3,0,0.0,0
0.418,50,0,0.085,2473.0,10,0,0,0,1.0,0
0.395,30,0,0.122,28947.0,6,0,0,0,0.0,0
0.17,47,1,0.119,2936.0,7,0,0,1,0.0,0
0.093,64,0,1.306,5252.0,7,0,0,0,2.0,0
0.707,60,2,0.585,3652.0,8,0,1,0,0.0,0
0.381,59,0,0.73,,10,0,2,0,0.0,0
0.561,52,2,0.114,42045.0,11,0,0,0,,0
0.498,52,0,0.2,3929.0,11,0,2,1,0.0,0
0.27,42,1,0.021,9855.0,7,0,0,0,0.0,0
0.265,61,0,0.282,,11,0,0,0,0.0,0
0.518,57,0,0.418,,10,0,3,0,0.0,0
0.193,58,0,0.075,3711.0,7,0,0,0,1.0,0
0.469,44,0,0.018,6498.0,5,1,0,0,1.0,0
0.279,21,0,0.73,8435.0,13,0,0,0,1.0,1
0.155,67,0,0.321,,6,0,0,2,0.0,0
0.206,45,0,0.04,37437.0,10,0,0,0,0.0,0
0.505,39,0,0.609,,12,0,1,0,1.0,0
0.016,61,1,0.593,4637.0,6,0,1,0,2.0,0
0.188,46,1,0.32,3334.0,5,0,2,0,1.0,0
0.732,66,0,0.273,5792.0,12,0,2,0,0.0,0
0.237,60,0,0.589,,8,0,0,0,0.0,0
0.805,61,0,0.34,18913.0,9,0,2,0,0.0,0
0.359,32,0,0.658,7346.0,8,0,0,0,2.0,0
0.363,68,0,0.116,,7,1,1,0,0.0,0
0.243,55,0,0.342,11296.0,10,0,1,0,0.0,0
0.617,46,0,0.169,3278.0,6,0,1,0,0.0,0
0.459,54,1,0.39,2418.0,9,0,0,0,1.0,0
0.693,27,0,2.159,4959.0,10,0,1,0,1.0,0
0.675,57,1,0.186,5939.0,14,0,0,0,1.0,0
0.279,37,0,0.137,7875.0,4,0,1,0,0.0,0
0.677,33,0,0.134,1933.0,11,1,0,0,3.0,1
0.365,30,0,0.777,3946.0,4,0,0,0,1.0,0
0.03,67,1,0.808,627.0,14,0,3,0,0.0,0
0.113,43,0,0.192,,8,0,1,0,0.0,1
0.518,73,0,1.475,8961.0,3,0,4,0,1.0,0
0.235,44,0,0.441,10644.0,10,0,1,0,0.0,0
0.05,28,0,0.064,,12,1,0,1,1.0,1
0.537,36,0,0.297,4328.0,11,0,0,0,1.0,0
0.422,69,0,0.41,,10,0,2,0,4.0,0
0.032,49,0,0.8,11553.0,7,0,2,1,0.0,0
0.807,44,0,0.248,15841.0,6,0,1,1,2.0,0
0.467,54,0,1.028,6046.0,6,0,3,0,,0
0.125,59,0,0.885,,10,0,3,0,1.0,0
0.522,67,0,0.493,1977.0,10,0,1,0,3.0,0
0.262,72,0,0.205,5858.0,6,1,1,0,1.0,1
0.392,46,0,1.431,23212.0,10,0,2,0,0.0,0
0.147,33,0,0.278,,11,0,0,0,3.0,0
0.336,46,0,0.833,6139.0,9,0,0,0,0.0,0
0.915,55,2,0.085,6717.0,6,0,0,0,0.0,0
0.133,38,0,1.534,3354.0,11,0,1,0,1.0,0
0.68,38,0,0.593,4230.0,7,0,0,0,0.0,0
0.336,56,0,1.043,6023.0,8,0,0,0,0.0,0
0.485,51,0,0.284,6036.0,4,0,2,0,1.0,0
0.159,52,0,0.297,11021.0,7,0,1,0,1.0,0
0.057,41,1,0.036,10652.0,11,0,0,0,1.0,0
0.087,48,0,0.152,7820.0,11,0,1,0,1.0,0
0.358,39,1,0.317,,5,0,2,0,1.0,0
0.454,64,0,1.26,2771.0,8,0,2,0,1.0,0
0.052,66,0,0.485,2917.0,10,0,1,0,0.0,0
0.63,26,0,0.332,6405.0,4,0,2,1,1.0,0
0.269,38,0,1.082,1315.0,3,0,0,0,0.0,0
0.286,31,0,0.471,5408.0,4,0,0,0,0.0,0
0.101,42,0,0.931,14560.0,10,0,1,0,,0
0.089,50,0,0.917,8663.0,14,0,0,0,0.0,0
0.755,31,0,0.586,4249.0,10,0,1,1,0.0,1
0.559,39,0,0.097,,10,0,0,1,0.0,1
0.803,37,0,2.088,9547.0,12,0,1,0,0.0,1
0.387,54,0,0.138,6729.0,12,1,0,0,0.0,0
0.225,52,0,0.39,4571.0,6,1,0,0,1.0,0
0.905,41,1,0.652,3596.0,7,0,0,0,0.0,1
0.477,54,0,0.167,5730.0,11,0,1,0,2.0,0
0.301,44,0,0.429,4393.0,6,0,1,0,1.0,0
0.141,48,1,0.165,9406.0,5,0,0,0,0.0,1
0.123,75,0,0.198,12950.0,6,0,1,0,,0
0.261,70,1,0.004,2086.0,10,0,0,0,0.0,0
0.189,33,1,1.019,2303.0,7,0,3,0,2.0,0
0.145,63,1,0.051,13956.0,8,0,0,0,0.0,0
0.246,63,0,0.937,6100.0,8,0,2,0,2.0,0
0.158,35,0,0.421,2460.0,10,0,1,0,0.0,0
0.64,63,1,0.44,10811.0,8,1,1,0,1.0,1
0.183,73,0,0.717,,10,0,1,0,1.0,0
0.345,36,0,0.349,25394.0,6,0,1,0,1.0,0
0.321,39,1,0.255,4607.0,14,0,1,0,1.0,1
0.202,66,0,0.152,11803.0,8,0,1,0,1.0,0
0.121,55,0,0.396,1970.0,6,0,1,0,1.0,0
0.218,59,0,0.582,14432.0,7,0,3,0,0.0,0
0.065,56,0,0.222,10519.0,6,0,1,0,1.0,0
0.149,57,0,0.521,16698.0,2,0,2,0,1.0,0
0.957,33,1,0.203,11818.0,11,0,0,2,0.0,1
0.626,66,1,0.773,5068.0,9,0,2,0,1.0,0
0.231,68,0,0.387,2393.0,9,0,1,1,2.0,0
0.209,48,0,1.15,3564.0,8,0,2,0,2.0,0
0.462,51,1,0.255,1583.0,9,0,0,0,0.0,1
0.886,30,0,0.965,2851.0,11,0,2,0,0.0,1
0.15,59,1,0.557,7318.0,10,0,3,0,0.0,0
0.621,60,0,0.586,5253.0,9,0,3,0,2.0,0
0.062,51,0,0.26,4645.0,10,0,1,0,3.0,0
0.098,67,0,0.279,3118.0,6,0,1,0,1.0,1
0.167,47,0,1.047,1571.0,5,0,1,0,0.0,0
0.943,59,0,0.188,6170.0,12,0,1,1,0.0,0
0.416,37,0,0.045,7083.0,7,0,0,1,1.0,1
0.459,51,1,0.721,2713.0,7,0,1,0,1.0,0
0.733,49,0,0.301,3739.0,12,0,0,0,2.0,0
0.167,55,0,0.217,15986.0,19,0,1,0,1.0,0
0.309,46,0,0.198,12230.0,12,0,0,0,1.0,0
0.231,50,0,0.46,1922.0,10,0,2,0,0.0,0
0.461,63,0,0.314,5119.0,11,0,0,0,0.0,0
0.06,45,0,0.702,15040.0,13,0,1,0,0.0,0
0.715,29,0,0.276,,11,0,1,1,3.0,1
0.202,76,0,0.595,4500.0,10,0,2,0,1.0,0
0.212,71,0,0.73,11672.0,7,0,1,0,2.0,0
0.316,33,0,1.05,10839.0,6,0,4,0,0.0,0
0.165,61,0,0.203,10454.0,5,0,1,0,0.0,0
0.871,44,0,0.151,,9,0,0,0,2.0,0
0.295,55,0,0.516,8639.0,5,1,2,0,0.0,0
0.176,56,0,0.859,15465.0,4,0,1,0,0.0,0
0.232,48,1,0.647,5245.0,4,0,1,0,0.0,1
0.201,41,0,0.407,4095.0,9,0,1,0,1.0,0
0.336,42,0,1.542,12849.0,6,0,1,0,0.0,0
0.239,39,0,0.302,22738.0,8,0,1,0,1.0,0
0.15,40,0,0.747,23873.0,6,0,1,1,1.0,0
0.299,51,0,0.897,,5,0,3,0,2.0,0
0.447,41,0,0.835,4484.0,9,0,0,0,2.0,0
0.585,61,0,1.739,2643.0,11,0,2,0,0.0,0
0.266,72,0,0.34,,11,0,1,0,0.0,0
0.686,43,0,0.076,2561.0,6,0,0,0,1.0,0
0.335,55,0,0.516,3757.0,9,0,3,1,1.0,0
0.441,58,0,1.073,8873.0,8,0,4,0,2.0,0
0.276,58,0,0.633,7137.0,9,0,0,0,0.0,0
0.476,53,0,0.343,1529.0,7,0,2,1,0.0,1
0.204,62,0,0.217,16305.0,4,0,2,0,1.0,0
0.45,58,0,0.25,2538.0,11,0,0,1,0.0,0
1.029,34,0,0.225,2772.0,8,0,0,0,0.0,1
0.378,64,0,0.031,,11,0,0,0,1.0,0
0.463,64,0,0.654,3419.0,7,0,1,0,1.0,1
0.064,41,0,0.117,2899.0,7,0,0,1,1.0,0
0.934,52,2,0.463,2949.0,8,0,1,0,0.0,1
0.081,61,0,0.237,968.0,8,0,2,0,0.0,0
0.077,49,1,1.09,5949.0,8,0,4,0,0.0,1
0.323,67,0,0.671,6390.0,9,0,2,0,0.0,0
0.94,85,0,0.372,26136.0,8,0,2,0,4.0,0
0.274,40,0,0.348,,8,0,0,0,1.0,1
0.022,32,0,0.073,,7,0,0,0,1.0,0
0.189,56,0,1.58,,6,0,1,0,0.0,0
0.485,62,0,0.557,5078.0,12,0,0,0,0.0,0
0.208,48,0,0.644,7436.0,9,0,1,0,1.0,0
0.151,72,0,0.158,,9,0,1,0,0.0,0
0.376,33,0,0.206,5669.0,9,0,2,0,2.0,0
0.039,61,1,0.508,20499.0,12,0,2,0,0.0,0
0.102,43,0,0.254,4151.0,8,0,2,0,1.0,0
0.412,76,0,0.631,,8,2,1,0,1.0,1
0.491,79,0,0.288,10011.0,8,0,1,0,3.0,0
0.317,41,0,0.245,6768.0,7,0,1,0,0.0,0
0.195,44,0,0.027,1642.0,7,0,0,0,0.0,0
0.182,64,0,2.038,7327.0,15,0,1,1,2.0,0
0.705,46,0,1.293,2701.0,8,0,2,0,4.0,0
0.322,51,0,0.249,7398.0,10,1,2,0,0.0,0
0.555,52,1,0.342,20642.0,5,0,2,0,1.0,0
0.762,25,0,0.173,4799.0,5,0,0,0,0.0,1
0.722,51,0,0.323,11595.0,7,0,2,0,1.0,1
0.442,42,1,1.054,2299.0,8,0,1,0,2.0,1
0.028,45,1,0.547,1875.0,6,0,1,0,2.0,0
0.656,72,0,1.093,22296.0,4,0,0,1,0.0,0
0.259,34,1,0.726,6738.0,8,0,0,0,1.0,0
0.546,63,0,0.592,8482.0,8,0,1,0,2.0,0
0.179,48,0,0.718,12166.0,6,0,3,0,0.0,0
0.794,48,0,0.704,,7,1,0,0,1.0,0
0.212,63,0,0.503,9678.0,7,0,1,0,0.0,0
0.101,56,0,0.373,8704.0,10,0,3,0,0.0,0
0.823,59,1,0.666,,7,0,3,0,2.0,0
0.211,65,0,0.453,15664.0,7,0,2,1,2.0,1
0.105,47,1,1.504,13559.0,2,0,1,0,0.0,0
0.795,43,0,0.45,2211.0,9,0,2,0,1.0,0
0.186,36,0,0.014,6249.0,7,0,0,0,0.0,0
0.298,40,0,0.207,4620.0,8,0,1,0,1.0,0
0.086,93,0,0.973,14659.0,7,1,1,0,1.0,0
0.163,69,1,1.148,2023.0,4,0,0,0,1.0,0
0.191,33,0,0.556,67622.0,8,0,1,0,2.0,0
0.712,33,1,0.12,4807.0,9,0,1,0,0.0,1
0.754,58,0,0.108,9108.0,12,0,1,0,1.0,0
0.533,59,0,0.229,14346.0,7,0,0,0,0.0,0
0.25,59,0,2.808,4735.0,8,0,0,1,0.0,0
0.336,48,1,0.712,5012.0,11,0,0,0,3.0,1
0.232,50,2,1.047,3820.0,6,1,1,0,1.0,1
0.144,56,1,0.442,2922.0,9,0,1,0,1.0,0
0.697,53,1,0.686,6570.0,13,0,0,0,2.0,1
0.188,21,0,0.235,,9,0,1,1,3.0,1
0.455,48,0,0.31,3803.0,13,0,3,0,1.0,0
0.312,40,0,1.076,3961.0,5,1,2,0,1.0,1
0.362,54,0,0.086,,5,0,0,0,0.0,1
0.358,93,0,0.756,3108.0,9,0,3,0,1.0,0
0.728,57,0,0.477,,13,0,1,0,1.0,0
0.42,47,0,0.06,10189.0,10,0,0,0,2.0,0
0.223,64,0,0.176,,9,0,1,0,1.0,0
0.37,58,0,0.24,2605.0,7,0,1,0,0.0,0
0.405,57,0,0.495,5342.0,9,0,0,1,1.0,1
0.231,60,0,0.514,,3,0,5,0,,0
0.026,80,0,0.383,10856.0,14,0,2,0,1.0,0
0.264,36,0,0.583,,12,0,2,0,0.0,0
0.554,58,0,0.266,3674.0,6,0,2,0,1.0,0
0.229,39,0,0.145,3339.0,9,0,1,0,0.0,0
0.572,59,1,0.273,3457.0,13,0,1,1,,0
0.274,39,1,0.518,,10,1,4,0,0.0,0
0.135,46,0,0.367,8235.0,10,0,0,1,0.0,0
0.509,47,1,1.322,11335.0,3,0,1,0,0.0,0
0.127,65,0,0.102,5096.0,9,0,1,0,0.0,0
0.463,64,1,1.014,,6,0,2,0,2.0,1
0.102,34,0,0.199,8679.0,10,0,0,0,0.0,0
0.039,52,0,0.482,6072.0,7,1,1,0,0.0,0
0.405,42,0,0.666,5665.0,8,0,0,1,0.0,0
0.468,34,0,0.398,2212.0,6,1,1,0,0.0,0
0.605,48,0,0.036,4736.0,8,0,0,0,0.0,0
0.037,47,1,0.053,2355.0,14,0,0,1,0.0,1
0.109,85,0,0.945,7611.0,4,0,4,0,0.0,0
0.082,58,0,0.091,4020.0,8,0,0,0,1.0,0
0.333,32,0,0.295,3776.0,4,1,0,0,0.0,1
0.197,44,0,0.296,1852.0,7,0,1,0,2.0,0
0.352,66,0,0.227,11147.0,7,0,1,0,0.0,0
0.231,81,2,0.541,4532.0,9,0,0,0,0.0,0
0.622,29,1,0.46,5773.0,9,0,0,0,2.0,0
0.595,25,1,0.464,3246.0,10,0,1,0,0.0,0
0.181,78,0,0.263,1711.0,10,0,1,0,1.0,0
0.135,57,0,0.19,3744.0,5,0,1,0,0.0,0
0.105,39,0,0.254,,5,0,0,0,0.0,0
0.155,59,0,0.595,6667.0,5,1,0,0,1.0,1
0.219,21,0,0.3,4236.0,8,0,0,0,0.0,0
0.485,52,0,1.229,3285.0,8,1,0,0,3.0,1
0.184,56,0,0.105,1896.0,10,0,1,0,1.0,0
0.327,64,0,2.242,,6,0,0,0,0.0,0
0.065,37,1,0.612,3110.0,7,0,2,0,0.0,0
0.184,53,0,0.826,13692.0,9,0,2,0,1.0,0
0.25,39,1,0.243,6034.0,7,0,1,0,0.0,1
0.057,55,0,0.248,8050.0,8,0,0,0,2.0,0
0.065,39,0,0.658,4564.0,8,0,1,0,0.0,0
0.225,46,1,0.5,,9,0,0,0,0.0,0
0.552,38,0,0.442,2912.0,8,0,3,0,1.0,1
0.414,61,0,0.337,2381.0,10,0,2,0,0.0,0
0.287,64,0,0.48,5489.0,10,0,1,0,0.0,0
0.116,48,1,0.95,,8,0,0,1,0.0,0
0.138,52,0,0.302,,8,0,1,0,1.0,0
0.838,31,1,0.152,,7,1,0,0,1.0,1
0.77,47,0,0.788,19722.0,6,0,0,0,1.0,0
0.093,51,0,0.602,7597.0,13,0,2,0,0.0,0
0.176,88,1,0.472,15936.0,3,0,3,0,0.0,1
0.173,36,1,0.321,3485.0,6,0,3,0,1.0,1
0.101,72,0,0.447,3942.0,8,0,0,0,1.0,0
0.217,65,0,0.452,10686.0,9,0,3,0,0.0,0
0.186,55,0,0.026,8404.0,12,0,0,0,1.0,0
0.817,76,0,0.432,5084.0,12,0,1,0,2.0,1
0.557,57,0,0.237,2245.0,12,0,1,1,0.0,0
0.338,57,0,0.245,12207.0,5,0,1,0,0.0,0
0.393,51,0,0.328,31482.0,6,0,1,0,0.0,0
0.208,69,0,0.642,1807.0,10,0,2,0,2.0,0
0.432,67,0,0.213,14509.0,10,0,1,0,1.0,0
0.114,43,0,0.03,3914.0,7,0,0,0,1.0,0
0.343,33,0,0.393,4301.0,6,0,2,0,0.0,0
0.557,49,0,0.12,6560.0,7,0,1,0,0.0,0
0.565,40,0,0.518,2336.0,9,0,1,0,0.0,1
0.315,51,0,1.12,5292.0,9,0,0,0,0.0,0
0.697,69,0,0.676,,9,0,3,0,0.0,0
0.725,45,1,0.313,7580.0,10,0,2,0,0.0,1
0.499,51,0,0.07,25942.0,4,0,0,0,2.0,0
0.138,52,0,0.293,,12,1,2,0,0.0,0
0.42,63,0,0.188,4827.0,7,1,1,0,0.0,0
0.016,21,0,0.232,4996.0,13,0,1,0,2.0,0
0.416,43,0,0.136,,7,0,1,0,2.0,0
0.03,54,0,0.991,7215.0,10,0,2,0,1.0,0
0.429,68,0,0.857,10345.0,10,0,1,0,0.0,0
0.143,45,1,0.634,,8,0,3,0,1.0,0
0.246,25,0,0.122,7358.0,14,0,1,0,0.0,0
0.587,60,0,0.67,514.0,11,0,1,0,1.0,0
0.076,43,0,0.222,8667.0,9,0,2,0,0.0,0
0.964,35,0,0.039,2316.0,8,0,0,0,0.0,0
0.27,43,0,0.238,4319.0,9,0,1,0,0.0,0
0.005,49,0,0.298,,8,0,1,1,0.0,0
0.139,43,0,0.253,1853.0,4,1,1,0,0.0,0
0.556,21,1,0.163,11645.0,10,0,1,0,1.0,1
1.034,64,0,0.142,4979.0,5,0,1,0,0.0,0
0.049,69,2,0.787,15021.0,9,0,1,0,0.0,0
0.627,61,0,0.358,2887.0,7,0,2,0,0.0,1
0.389,36,0,0.086,1527.0,8,0,0,0,0.0,0
0.239,49,0,0.234,,8,0,0,0,2.0,0
0.765,51,0,0.013,,9,0,0,0,0.0,0
0.223,60,0,0.421,8688.0,5,0,1,0,0.0,0
0.172,61,0,0.2,2453.0,12,0,1,1,1.0,0
0.029,41,0,0.419,1742.0,11,0,1,1,0.0,0
0.546,53,1,0.333,4365.0,13,0,0,0,1.0,0
0.104,58,1,0.88,7797.0,12,1,3,0,0.0,1
0.268,72,0,0.291,7525.0,8,1,2,0,0.0,0
0.526,61,0,0.218,16326.0,4,0,0,0,2.0,0
0.457,63,0,1.344,4182.0,11,0,2,0,4.0,1
1.081,53,0,0.455,,9,0,0,1,0.0,0
0.053,71,1,1.496,12552.0,13,0,2,0,0.0,0
0.299,57,1,0.918,6227.0,9,0,0,0,0.0,0
0.356,39,0,0.53,6618.0,12,0,2,0,0.0,0
0.253,71,0,0.307,9293.0,4,1,2,0,1.0,0
0.137,61,0,0.695,13155.0,10,0,2,1,2.0,0
0.144,45,0,0.419,5345.0,7,0,0,0,0.0,0
0.25,45,0,0.411,12377.0,9,0,1,0,1.0,0
0.449,56,0,0.519,7994.0,6,0,1,0,0.0,0
0.279,58,0,0.733,,8,0,4,0,0.0,0
0.058,54,0,0.256,4613.0,9,0,0,0,0.0,0
0.25,56,1,0.388,8364.0,11,0,2,0,2.0,0
0.348,75,0,0.116,3307.0,5,0,1,0,1.0,0
0.238,67,0,0.903,10102.0,6,0,2,0,0.0,0
0.759,54,0,0.902,6068.0,8,0,2,0,1.0,0
0.136,65,0,0.416,7095.0,8,0,1,0,0.0,0
0.205,37,1,0.309,14889.0,7,0,2,0,3.0,1
0.529,57,1,0.11,6972.0,9,0,1,1,0.0,0
0.573,77,1,0.101,5710.0,11,0,1,0,1.0,0
0.831,48,1,0.126,5127.0,12,0,1,0,0.0,1
0.711,40,0,0.156,4943.0,5,1,0,0,2.0,1
0.076,42,0,0.173,,7,0,1,0,0.0,0
0.343,36,0,0.208,14106.0,9,0,1,0,2.0,0
0.066,41,0,0.521,3540.0,6,0,1,0,2.0,0
0.18,46,0,1.319,3357.0,9,0,2,0,2.0,0
0.15,32,0,0.281,13353.0,9,0,2,0,1.0,0
0.284,52,0,0.219,3654.0,13,0,0,0,1.0,0
0.08,64,0,1.768,6319.0,5,0,1,0,1.0,0
0.109,39,0,1.139,3589.0,6,0,2,0,1.0,0
0.623,73,0,0.152,1676.0,12,1,0,0,0.0,0
0.102,59,0,0.135,6240.0,15,0,0,0,1.0,0
0.078,66,0,0.397,11856.0,6,0,3,0,1.0,0
0.082,42,1,0.159,5201.0,11,0,1,0,1.0,0
0.835,63,0,0.416,1925.0,6,0,2,0,0.0,0
0.298,36,0,0.146,5863.0,6,0,0,0,0.0,0
0.073,64,1,0.578,3200.0,9,0,1,0,0.0,1
0.245,54,0,0.095,,8,0,0,0,0.0,0
0.54,59,0,0.567,5133.0,4,0,1,0,1.0,0
0.544,35,0,0.119,7804.0,7,0,0,0,2.0,0
0.202,39,0,0.314,12387.0,5,0,0,0,,0
0.248,60,0,0.456,18579.0,7,0,1,0,0.0,0
0.414,38,0,0.49,,10,0,1,0,2.0,0
0.299,58,0,0.067,,7,0,0,0,2.0,0
0.507,32,1,0.116,2210.0,6,0,0,0,0.0,0
0.058,63,0,0.199,,6,0,1,0,0.0,0
0.791,34,0,0.4,13189.0,4,0,1,0,1.0,0
0.082,59,0,0.128,4201.0,5,0,1,0,0.0,0
0.745,60,0,0.456,8753.0,8,0,2,0,1.0,0
0.546,42,0,0.032,8158.0,10,0,0,0,0.0,0
0.301,60,0,0.244,,4,0,1,1,1.0,0
0.534,55,0,0.406,4886.0,9,0,0,0,1.0,0
0.414,44,0,0.286,3222.0,8,0,1,0,2.0,0
0.239,37,0,0.215,,12,0,1,0,1.0,0
0.302,24,0,0.435,10176.0,10,0,1,0,2.0,0
0.54,56,0,0.572,1417.0,3,0,1,0,0.0,0
0.494,30,1,0.103,667.0,10,0,0,0,2.0,0
0.179,53,1,0.125,10158.0,7,0,0,0,1.0,0
0.682,48,0,0.358,6584.0,6,0,0,0,0.0,0
0.109,61,0,1.176,5502.0,5,0,0,0,1.0,0
0.275,47,0,0.084,2178.0,15,0,0,0,1.0,0
0.131,47,0,0.472,1641.0,5,0,1,0,1.0,0
0.132,62,0,1.03,3484.0,9,0,2,1,0.0,0
0.195,56,0,0.517,,7,0,3,0,0.0,0
0.046,56,0,0.133,3605.0,9,0,0,0,3.0,0
0.039,58,0,0.485,10199.0,5,0,1,1,2.0,1
0.684,30,1,0.011,2785.0,10,0,0,0,1.0,1
0.432,62,0,0.156,3776.0,5,0,0,1,1.0,0
0.107,60,0,0.204,8886.0,9,0,1,0,1.0,0
0.386,37,0,0.189,4172.0,4,0,1,0,0.0,0
0.235,48,1,0.169,4319.0,5,0,1,0,0.0,0
0.135,51,0,0.468,,11,0,0,0,,0
0.285,50,0,1.486,3040.0,10,0,4,0,0.0,1
0.441,56,0,0.27,6960.0,8,0,1,0,0.0,0
0.006,72,0,0.118,7620.0,11,0,1,0,1.0,0
0.53,67,0,0.444,6368.0,15,0,0,0,1.0,0
0.206,33,1,0.37,3529.0,12,0,1,0,,0
0.108,60,1,0.55,4717.0,8,0,1,0,0.0,0
0.339,70,0,0.465,16600.0,11,0,1,0,2.0,0
0.579,57,0,0.825,2009.0,8,0,0,0,0.0,0
0.198,67,0,0.253,,8,0,2,0,1.0,0
0.475,80,0,0.265,,11,0,2,0,3.0,0
0.041,66,0,0.246,,6,0,1,0,0.0,0
0.578,55,0,0.337,10587.0,13,0,1,0,1.0,0
0.237,66,1,0.91,1278.0,10,0,0,0,0.0,0
0.878,54,0,0.931,14274.0,11,0,1,0,1.0,0
0.201,52,0,0.819,19939.0,7,0,1,0,2.0,0
0.156,47,0,0.388,11633.0,6,0,3,0,0.0,0
0.162,73,0,0.458,1247.0,13,0,0,0,0.0,0
0.242,40,0,0.269,9274.0,10,0,1,0,0.0,0
0.103,73,0,1.137,17192.0,13,0,2,0,0.0,0
0.824,58,1,0.085,15993.0,14,0,0,0,0.0,0
0.383,32,0,0.253,2027.0,9,0,2,0,0.0,0
0.137,57,0,0.747,11064.0,7,0,1,0,1.0,0
0.742,22,1,0.642,19090.0,7,0,2,0,1.0,0
0.029,60,0,0.603,,11,0,0,0,1.0,0
0.462,64,0,0.06,1965.0,9,0,0,0,1.0,0
0.042,43,1,0.856,9702.0,11,0,1,0,0.0,0
0.161,53,0,0.396,,8,0,0,1,0.0,0
0.632,79,0,0.669,4927.0,6,0,3,1,0.0,0
0.343,44,0,0.506,,16,0,2,0,0.0,0
0.179,37,0,0.707,10800.0,8,0,2,0,1.0,0
0.516,72,1,0.188,3171.0,10,0,0,0,0.0,0
0.17,79,1,0.05,7173.0,5,0,0,1,0.0,0
0.254,52,0,0.371,16167.0,8,0,1,0,0.0,0
0.354,66,1,0.583,1701.0,9,0,1,0,0.0,1
0.372,70,0,0.058,10254.0,5,0,0,0,1.0,0
0.562,41,0,0.189,4700.0,5,0,1,0,1.0,0
0.227,45,0,0.417,4786.0,6,0,0,0,0.0,0
0.104,69,0,0.11,7786.0,9,0,0,0,0.0,0
0.136,75,0,0.065,3165.0,7,1,0,0,1.0,0
0.532,59,0,0.771,2386.0,9,0,0,1,1.0,0
0.069,39,0,0.061,1558.0,11,0,0,0,0.0,0
0.372,79,1,0.248,12865.0,8,0,1,1,2.0,0
0.09,44,0,0.196,4187.0,10,0,0,0,2.0,0
0.256,47,1,0.426,,11,0,2,1,0.0,1
0.078,56,0,0.157,3868.0,8,0,0,0,1.0,0
0.701,73,0,0.953,2409.0,8,0,1,0,0.0,0
0.079,63,1,0.376,8575.0,5,0,0,1,0.0,1
0.927,57,0,0.156,6833.0,6,0,0,0,0.0,0
0.486,58,0,0.355,4602.0,9,0,2,1,1.0,0
0.478,52,0,0.245,6710.0,8,0,0,0,1.0,0
0.099,59,1,0.012,2773.0,8,0,0,0,2.0,0
0.403,21,0,1.114,,11,0,2,0,1.0,0
0.549,47,0,0.188,13422.0,8,0,1,0,0.0,0
0.245,55,0,0.519,9242.0,10,0,1,0,1.0,0
0.198,35,3,0.626,4186.0,8,0,1,0,0.0,1
0.426,57,0,0.715,5662.0,5,0,1,0,1.0,0
0.267,49,2,0.163,16288.0,10,0,1,0,1.0,0
0.705,76,0,0.269,13317.0,7,0,0,0,1.0,0
0.254,74,2,0.131,,6,0,1,0,1.0,0
0.367,45,0,0.672,3145.0,8,0,1,0,0.0,0
0.515,49,0,0.233,2954.0,12,0,0,0,1.0,0
0.39,50,0,0.26,5967.0,9,0,2,0,1.0,0
0.614,45,0,0.444,7222.0,4,0,0,0,0.0,0
0.223,54,0,0.341,4917.0,5,0,2,0,0.0,0
0.157,41,0,0.343,4135.0,5,0,3,0,0.0,0
0.2,36,0,0.316,13190.0,9,0,1,0,0.0,0
0.381,60,0,0.094,,9,0,0,0,1.0,0
0.032,60,0,1.05,2320.0,9,0,0,0,2.0,0
0.585,40,0,0.257,,9,0,1,1,0.0,1
0.43,64,0,0.497,6457.0,9,0,2,0,1.0,0
0.281,43,1,1.037,44438.0,10,0,0,0,2.0,1
0.008,55,0,0.275,2743.0,6,0,1,0,0.0,0
0.321,63,0,0.255,,17,0,1,1,1.0,0
0.33,51,0,0.162,29242.0,9,0,1,0,3.0,0
0.162,58,0,0.975,3870.0,7,0,0,1,0.0,0
0.294,44,1,0.565,7471.0,11,0,0,0,0.0,1
0.23,49,0,0.087,20194.0,5,0,0,0,0.0,0
0.103,49,0,0.242,,13,1,1,0,0.0,1
0.156,41,0,0.862,4374.0,9,0,0,1,0.0,0
0.447,49,0,0.27,3870.0,8,0,0,0,1.0,0
0.316,30,0,0.484,,5,0,2,0,1.0,1
0.192,45,0,0.366,16294.0,11,0,0,0,0.0,0
0.344,48,0,0.703,,12,0,2,0,0.0,0
0.007,48,1,1.081,2941.0,8,0,1,0,1.0,0
0.296,48,0,0.867,3979.0,8,0,3,0,2.0,0
0.123,51,0,0.954,10406.0,9,0,0,0,0.0,0
0.089,58,0,1.001,5878.0,11,0,4,0,0.0,0
0.192,64,2,0.117,3121.0,11,0,1,0,0.0,1
0.447,42,0,0.144,7233.0,5,0,1,0,0.0,0
0.487,35,1,0.857,9593.0,12,0,1,0,1.0,0
0.14,37,0,0.01,5342.0,8,0,0,0,0.0,0
0.309,45,0,0.553,4609.0,16,0,0,0,0.0,0
0.062,47,0,0.764,,6,0,1,0,1.0,0
0.268,41,3,0.188,,6,0,0,0,1.0,1
0.461,33,0,0.253,,12,0,1,0,0.0,0
0.25,45,1,0.176,3196.0,6,0,1,0,2.0,1
0.511,54,0,0.018,3144.0,5,0,0,0,0.0,0
0.379,60,0,0.679,2885.0,9,0,2,0,0.0,0
0.684,44,0,0.227,4595.0,10,0,2,1,0.0,1
0.399,46,1,1.113,5441.0,9,0,1,0,1.0,1
0.185,39,0,0.223,2147.0,12,1,1,0,0.0,1
0.57,51,0,0.553,5812.0,4,1,0,0,0.0,0
0.979,40,0,0.122,8069.0,10,0,1,0,1.0,0
0.441,60,0,0.369,1947.0,8,0,1,0,1.0,0
0.432,26,0,0.35,3771.0,6,0,2,0,0.0,0
0.095,46,2,0.111,8081.0,1,0,1,0,2.0,0
0.055,56,0,0.373,2534.0,10,0,0,0,1.0,1
0.886,54,1,1.204,4354.0,6,0,2,0,1.0,1
0.909,89,0,0.004,11634.0,11,0,0,0,1.0,0
0.481,56,1,0.11,19084.0,7,0,0,0,2.0,0
0.724,37,0,0.526,7390.0,8,0,1,0,1.0,0
0.412,50,1,0.817,4825.0,9,0,1,0,0.0,0
0.439,27,1,0.074,,15,1,0,1,2.0,1
0.411,50,1,0.126,,10,0,1,0,1.0,0
0.416,40,1,0.103,12009.0,12,0,1,0,1.0,0
0.813,64,1,0.085,2418.0,5,0,0,0,0.0,1
0.517,44,0,0.326,10273.0,13,0,3,0,1.0,0
0.557,50,0,0.156,3551.0,6,0,0,0,2.0,0
0.082,43,0,0.503,2976.0,4,0,3,0,1.0,0
0.289,76,0,0.229,4878.0,6,0,0,0,1.0,0
0.205,47,0,0.254,10874.0,9,0,2,0,1.0,0
0.752,77,0,0.318,6745.0,5,0,1,0,0.0,0
0.317,63,0,0.003,,10,0,0,0,0.0,0
0.278,58,0,0.496,6951.0,8,0,4,0,0.0,1
0.395,57,0,0.261,7535.0,10,1,1,1,0.0,0
0.493,57,0,0.144,5015.0,9,0,1,0,0.0,0
0.192,25,1,0.689,8453.0,12,0,1,0,1.0,0
0.433,48,0,0.079,3423.0,4,0,0,0,1.0,0
0.254,63,0,0.492,,11,0,0,0,0.0,0
0.829,51,0,0.325,9896.0,6,2,1,0,0.0,1
0.195,32,0,0.429,8861.0,10,0,2,0,0.0,0
0.172,51,0,0.363,,7,0,0,0,1.0,0
0.359,75,0,0.116,7521.0,9,0,1,0,0.0,0
0.241,69,0,0.029,12350.0,5,0,0,1,1.0,0
0.379,51,0,0.239,1108.0,8,0,1,0,1.0,0
0.457,65,0,0.289,9874.0,7,0,1,0,,0
0.917,46,0,0.197,21651.0,9,2,0,0,0.0,1
0.228,28,0,0.495,3515.0,9,0,1,0,1.0,1
0.045,39,0,0.0,3250.0,12,0,0,0,0.0,0
0.251,73,0,1.219,13365.0,9,0,1,0,1.0,0
0.39,48,2,0.167,,5,0,1,1,0.0,0
0.485,48,0,0.2,3406.0,6,0,1,0,0.0,0
0.044,47,0,1.026,6118.0,4,0,2,0,,0
0.319,78,0,0.102,3105.0,5,0,1,0,1.0,0
0.738,74,1,2.061,10022.0,13,0,4,0,0.0,1
0.098,83,0,0.213,3123.0,13,0,2,0,1.0,0
0.916,49,0,0.145,6991.0,10,0,1,0,,0
0.213,56,0,0.396,,9,0,3,0,0.0,0
0.308,30,1,0.302,17409.0,14,0,1,0,0.0,0
0.286,72,0,0.256,12280.0,4,0,0,0,0.0,0
0.43,35,0,0.039,3749.0,8,0,0,0,2.0,0
0.692,55,0,0.027,2241.0,6,0,0,0,1.0,0
0.695,36,0,0.211,,9,0,2,0,2.0,1
0.19,43,0,0.104,3438.0,7,0,0,0,0.0,0
0.079,40,1,0.891,,10,0,0,0,0.0,1
0.064,43,0,0.173,2587.0,6,0,0,0,1.0,0
0.247,44,1,0.605,,14,1,1,0,0.0,0
0.11,44,0,0.074,3455.0,6,0,0,0,3.0,0
0.525,63,0,0.123,5300.0,7,0,1,1,2.0,0
0.589,36,0,0.483,5358.0,13,0,2,0,0.0,0
0.522,55,0,0.804,,11,0,2,0,1.0,0
1.03,69,0,0.801,8631.0,7,0,0,0,0.0,0
0.41,44,0,0.377,4583.0,12,0,1,1,0.0,0
0.781,41,0,0.222,3232.0,8,0,1,0,1.0,0
0.278,48,0,0.041,1478.0,12,0,0,0,1.0,0
0.473,68,0,0.686,5836.0,9,0,3,0,0.0,0
0.362,54,0,0.415,4866.0,14,0,3,0,1.0,0
0.323,44,0,0.85,3303.0,12,0,2,0,0.0,1
0.334,58,1,0.525,5675.0,12,0,2,0,0.0,0
0.145,36,0,0.785,9889.0,8,0,1,0,1.0,0
0.63,61,0,0.693,11829.0,5,0,4,0,0.0,0
0.514,57,0,0.717,1855.0,4,0,2,1,0.0,0
0.255,47,1,0.122,4219.0,9,0,0,0,0.0,0
0.116,40,0,0.345,10644.0,9,0,1,1,1.0,1
0.027,39,0,0.207,16601.0,8,0,2,0,3.0,0
0.048,59,0,0.428,3065.0,8,0,1,0,1.0,0
0.242,69,0,0.367,14254.0,12,1,1,0,2.0,0
0.033,43,1,0.693,2111.0,6,0,2,0,0.0,1
0.109,58,0,0.557,12134.0,7,0,1,0,0.0,0
0.454,22,1,0.446,4459.0,8,0,1,1,0.0,0
0.323,43,0,0.02,16220.0,6,0,0,0,1.0,0
0.031,51,0,0.817,,7,0,0,0,1.0,0
0.147,39,0,0.006,4372.0,6,0,0,0,3.0,0
0.51,38,0,0.669,4947.0,9,0,1,1,0.0,0
0.035,42,0,0.328,,8,0,1,0,2.0,0
0.922,56,1,0.896,,13,0,3,1,2.0,1
0.126,49,0,0.319,7763.0,5,0,1,0,1.0,0
0.197,21,0,0.464,10850.0,8,0,1,1,1.0,0
0.2,22,0,0.258,,12,0,1,0,3.0,0
0.237,43,0,0.476,2258.0,4,0,0,0,0.0,0
0.505,58,0,0.303,7602.0,9,0,2,0,3.0,1
0.227,21,0,0.545,2716.0,8,0,1,1,1.0,1
0.718,45,0,0.275,7225.0,9,0,2,0,2.0,1
0.731,44,0,0.548,11991.0,14,0,1,0,0.0,0
0.396,71,1,0.222,,6,0,1,0,0.0,0
0.492,46,0,0.314,15184.0,8,0,2,0,0.0,0
0.288,57,0,0.684,4890.0,13,0,1,0,0.0,0
0.283,53,0,0.688,4667.0,8,0,1,0,1.0,0
0.457,22,0,0.612,5694.0,9,0,2,0,1.0,0
0.436,62,0,0.902,2122.0,3,0,0,0,2.0,0
0.361,55,0,0.259,,10,0,2,0,2.0,0
0.585,59,1,0.21,4356.0,3,0,1,0,2.0,0
0.721,95,0,0.122,4452.0,4,0,0,0,2.0,0
0.151,22,1,0.227,6554.0,9,0,1,0,3.0,1
0.355,76,1,0.339,1927.0,9,1,2,0,3.0,0
0.148,47,0,0.618,2436.0,13,0,2,0,1.0,0
0.138,56,0,0.211,11997.0,12,0,1,0,1.0,0
0.406,51,0,0.318,1333.0,6,0,2,0,,0
0.648,46,0,0.296,8362.0,8,0,0,0,3.0,0
0.102,44,0,0.075,4182.0,11,0,0,2,1.0,0
0.553,56,0,0.259,6076.0,11,1,1,0,0.0,0
0.102,30,1,0.121,16166.0,7,0,1,0,1.0,1
0.574,62,0,1.067,4955.0,10,0,0,0,2.0,0
0.426,46,0,0.134,8415.0,9,0,0,0,0.0,0
0.146,36,1,0.664,,4,0,0,0,0.0,1
0.417,45,0,0.364,5031.0,9,0,1,1,0.0,0
0.213,69,0,0.091,4614.0,13,0,0,0,2.0,0
0.074,44,1,0.075,8873.0,15,1,0,1,1.0,1
1.011,57,0,0.416,,10,0,0,0,1.0,0
0.681,41,0,1.172,2459.0,5,0,0,0,1.0,1
0.155,62,0,0.571,5722.0,11,0,5,0,0.0,0
0.246,61,0,0.243,6216.0,11,1,2,0,0.0,0
0.217,77,0,0.171,,8,0,0,0,0.0,0
0.239,49,0,0.475,5392.0,5,0,3,0,1.0,0
0.39,61,0,0.774,2301.0,7,0,2,0,1.0,0
1.209,53,0,0.421,8424.0,10,0,2,0,0.0,0
0.298,70,0,0.123,1537.0,7,0,1,0,1.0,0
0.17,41,0,1.087,20901.0,9,0,2,0,3.0,0
0.375,62,0,0.463,4287.0,6,0,3,0,2.0,0
0.111,49,0,0.486,2965.0,5,0,1,0,0.0,0
0.494,51,0,0.385,,6,0,0,0,1.0,0
0.144,53,0,0.32,8018.0,5,0,3,0,,0
0.179,55,0,0.001,10131.0,9,0,0,0,0.0,0
0.19,50,1,0.132,4483.0,11,0,1,0,1.0,0
0.576,55,1,1.097,1984.0,10,0,0,0,0.0,0
0.226,74,0,0.753,2325.0,5,0,2,0,2.0,0
0.008,65,0,0.05,6637.0,10,0,0,0,1.0,0
0.199,64,1,0.534,10841.0,7,0,2,0,1.0,0
0.243,45,0,0.431,11875.0,8,0,1,0,0.0,0
0.566,39,0,0.1,6110.0,9,0,1,1,1.0,0
0.1,65,0,0.396,10690.0,10,1,2,0,0.0,0
0.429,64,0,0.635,20716.0,9,0,2,0,0.0,0
0.309,72,0,0.072,12497.0,11,0,0,0,0.0,0
0.273,43,0,0.666,,12,0,0,0,2.0,1
0.327,48,1,0.478,,8,0,1,0,3.0,0
0.286,29,0,0.202,,9,0,2,0,1.0,0
0.087,46,1,0.876,,10,0,2,0,0.0,0
0.402,65,0,0.007,,5,0,0,0,1.0,0
0.165,45,0,0.866,13132.0,6,0,1,0,0.0,0
0.609,60,0,0.142,,10,0,0,0,1.0,0
0.205,49,0,0.42,5055.0,10,0,0,0,2.0,0
0.255,56,0,0.642,2569.0,6,0,1,0,0.0,0
0.276,35,0,0.116,4414.0,5,1,0,0,2.0,0
0.336,53,0,0.254,6304.0,8,0,1,0,0.0,0
0.058,21,0,0.549,,14,0,3,0,2.0,0
0.705,49,2,0.306,6443.0,10,1,0,0,0.0,1
0.279,29,0,0.221,10632.0,14,0,1,0,1.0,0
0.106,68,0,1.708,9954.0,6,0,0,0,0.0,0
0.718,62,0,1.067,5201.0,18,0,6,0,1.0,0
0.958,58,0,0.312,3002.0,3,0,2,0,0.0,0
0.864,73,0,0.458,7104.0,10,0,1,0,0.0,0
0.128,38,0,0.4,26172.0,6,0,2,0,2.0,0
0.07,76,0,0.689,,4,0,0,0,0.0,1
0.164,65,0,0.34,4415.0,10,0,2,0,1.0,1
0.381,48,0,0.173,7904.0,7,0,1,0,0.0,0
0.602,67,0,0.017,8242.0,12,1,0,1,2.0,1
0.18,36,0,1.554,8178.0,6,0,1,0,1.0,0
0.21,40,0,0.156,14200.0,5,0,0,0,1.0,0
0.047,43,2,0.187,,8,0,1,0,1.0,1
0.152,44,1,0.337,,17,0,1,0,0.0,0
0.675,37,0,0.121,6382.0,6,0,0,0,2.0,0
0.346,69,0,0.093,15658.0,5,0,0,0,0.0,0
0.26,48,0,0.335,12641.0,8,0,0,0,0.0,0
0.654,56,0,0.027,,8,0,0,0,1.0,0
0.073,44,0,0.349,,6,0,1,0,,0
0.206,26,0,0.172,27202.0,7,0,0,0,2.0,0
0.055,55,0,0.466,11541.0,7,0,2,0,2.0,0
0.787,25,0,0.235,2997.0,15,0,1,0,0.0,0
0.149,51,1,0.296,,6,0,0,0,0.0,0
0.146,32,2,0.13,4513.0,12,0,1,0,0.0,0
0.296,79,0,0.265,23043.0,10,0,1,0,0.0,0
0.018,64,0,0.195,13043.0,10,0,1,0,2.0,0
0.566,53,0,0.202,22525.0,7,1,0,0,0.0,0
0.345,69,0,0.278,3191.0,7,0,1,0,0.0,0
0.839,40,0,0.549,11745.0,8,0,2,0,1.0,0
0.122,59,0,0.447,2090.0,7,0,1,0,0.0,0
0.463,54,0,0.187,1782.0,8,1,0,0,1.0,0
0.159,55,0,0.07,4114.0,7,0,0,0,1.0,0
0.582,69,0,0.505,15657.0,6,0,2,0,0.0,0
0.276,62,1,1.189,2711.0,9,0,0,0,0.0,0
0.186,56,0,0.072,5368.0,8,0,0,0,2.0,0
0.111,28,0,0.025,12484.0,8,0,0,0,2.0,0
0.465,38,0,0.208,9823.0,7,0,1,0,1.0,0
0.206,50,0,0.186,,12,0,0,0,1.0,0
0.201,53,0,0.328,5444.0,8,0,2,0,0.0,0
0.264,36,0,0.73,3987.0,15,0,1,0,0.0,0
0.347,85,1,0.338,2525.0,8,0,1,0,0.0,0
0.218,73,0,0.499,,8,0,4,0,2.0,0
0.23,60,0,1.05,2509.0,7,0,0,0,1.0,0
0.34,53,2,0.147,1545.0,12,0,1,0,0.0,0
0.511,49,0,0.046,21469.0,8,0,0,0,2.0,0
0.537,38,0,0.198,5621.0,9,0,1,0,1.0,1
0.307,53,0,0.028,33324.0,5,0,0,0,0.0,0
0.242,55,0,0.688,,16,0,2,1,1.0,0
0.651,34,1,0.331,4023.0,13,0,2,0,1.0,1
0.112,56,0,0.558,3157.0,7,0,1,0,,0
0.368,49,0,0.504,3468.0,11,0,0,1,0.0,0
